[{"id_purchase":1,"car_make":"Dodge","car_model":"Aries","car_year":1981,"vin":"WA1CMAFP4FA478172","price":"€22364,66","purchase_date":"07-12-2021"},{"id_purchase":2,"car_make":"Audi","car_model":"Allroad","car_year":2001,"vin":"3VW1K7AJ2FM264872","price":"€37925,85","purchase_date":"27-04-2022"},{"id_purchase":3,"car_make":"Volvo","car_model":"C70","car_year":2006,"vin":"1G6DC5EG3A0467056","price":"€42659,19","purchase_date":"10-01-2022"},{"id_purchase":4,"car_make":"Honda","car_model":"Fit","car_year":2010,"vin":"1G6KD57Y52U496711","price":"€35133,36","purchase_date":"07-09-2021"},{"id_purchase":5,"car_make":"Honda","car_model":"Pilot","car_year":2005,"vin":"WBAEK73465B735789","price":"€39105,46","purchase_date":"26-07-2022"},{"id_purchase":6,"car_make":"Volvo","car_model":"S40","car_year":2001,"vin":"1GD21ZCG4CZ595059","price":"€48615,59","purchase_date":"24-06-2022"},{"id_purchase":7,"car_make":"Nissan","car_model":"Pathfinder","car_year":2006,"vin":"WAUFFAFL7BN725842","price":"€30847,54","purchase_date":"26-10-2022"},{"id_purchase":8,"car_make":"Audi","car_model":"A3","car_year":2008,"vin":"5J8TB4H54GL193701","price":"€10465,94","purchase_date":"29-09-2021"},{"id_purchase":9,"car_make":"Toyota","car_model":"Tacoma","car_year":2008,"vin":"1FMJU1F59AE288633","price":"€35381,63","purchase_date":"15-10-2021"},{"id_purchase":10,"car_make":"Subaru","car_model":"Legacy","car_year":2007,"vin":"JN1BJ0HP6DM738023","price":"€49647,42","purchase_date":"05-11-2021"},{"id_purchase":11,"car_make":"Mitsubishi","car_model":"Mighty Max","car_year":1993,"vin":"TRUWC28N011457955","price":"€16776,26","purchase_date":"08-01-2022"},{"id_purchase":12,"car_make":"Toyota","car_model":"Sequoia","car_year":2010,"vin":"19XFA1F35BE497605","price":"€14428,00","purchase_date":"03-10-2021"},{"id_purchase":13,"car_make":"Mercedes-Benz","car_model":"300SL","car_year":1993,"vin":"JH4DC53894S232600","price":"€14854,38","purchase_date":"23-10-2022"},{"id_purchase":14,"car_make":"Chrysler","car_model":"Concorde","car_year":2000,"vin":"JA32X8HW8AU541429","price":"€26235,87","purchase_date":"14-12-2022"},{"id_purchase":15,"car_make":"Cadillac","car_model":"Fleetwood","car_year":1992,"vin":"1G4GE5G39FF660553","price":"€13694,33","purchase_date":"28-02-2022"},{"id_purchase":16,"car_make":"Mercedes-Benz","car_model":"C-Class","car_year":1998,"vin":"3N6CM0KN7DK954413","price":"€36716,05","purchase_date":"10-01-2022"},{"id_purchase":17,"car_make":"Aston Martin","car_model":"DB9","car_year":2009,"vin":"1G6DK67V780188322","price":"€41116,11","purchase_date":"12-04-2022"},{"id_purchase":18,"car_make":"Ford","car_model":"Focus","car_year":2003,"vin":"JM1NC2LF2E0348480","price":"€35174,40","purchase_date":"25-03-2022"},{"id_purchase":19,"car_make":"Land Rover","car_model":"Discovery Series II","car_year":2002,"vin":"5NPEB4AC4DH713153","price":"€30705,70","purchase_date":"04-01-2022"},{"id_purchase":20,"car_make":"Lexus","car_model":"SC","car_year":2009,"vin":"5UXFG83588L508351","price":"€47340,34","purchase_date":"23-04-2022"},{"id_purchase":21,"car_make":"Dodge","car_model":"Ram Van 2500","car_year":1999,"vin":"5GAKRCED6BJ603321","price":"€16317,66","purchase_date":"15-10-2022"},{"id_purchase":22,"car_make":"Toyota","car_model":"Land Cruiser","car_year":2006,"vin":"WAUSF98K29A851559","price":"€17131,15","purchase_date":"14-08-2022"},{"id_purchase":23,"car_make":"Plymouth","car_model":"Grand Voyager","car_year":1995,"vin":"3VWPG3AG9AM642445","price":"€24805,27","purchase_date":"23-11-2022"},{"id_purchase":24,"car_make":"Mercedes-Benz","car_model":"S-Class","car_year":2000,"vin":"1G6DF8EY0B0168420","price":"€15020,56","purchase_date":"15-02-2022"},{"id_purchase":25,"car_make":"Chevrolet","car_model":"Sportvan G20","car_year":1995,"vin":"1C4RDJEG8FC641041","price":"€45893,07","purchase_date":"03-09-2022"},{"id_purchase":26,"car_make":"Lincoln","car_model":"Continental Mark VII","car_year":1985,"vin":"1G6KE57Y63U542867","price":"€17467,58","purchase_date":"18-03-2022"},{"id_purchase":27,"car_make":"Cadillac","car_model":"STS","car_year":2008,"vin":"JTEBU5JR3C5386360","price":"€35528,13","purchase_date":"22-12-2022"},{"id_purchase":28,"car_make":"Lexus","car_model":"IS","car_year":2010,"vin":"WBA3A5C51CF775095","price":"€47822,16","purchase_date":"12-02-2022"},{"id_purchase":29,"car_make":"BMW","car_model":"M5","car_year":1993,"vin":"JM1GJ1T53E1200168","price":"€26024,94","purchase_date":"27-11-2021"},{"id_purchase":30,"car_make":"Hummer","car_model":"H3T","car_year":2010,"vin":"1GKS1KE01CR219676","price":"€45287,18","purchase_date":"21-11-2021"},{"id_purchase":31,"car_make":"GMC","car_model":"Vandura 3500","car_year":1992,"vin":"19UUA9E58EA882903","price":"€34358,91","purchase_date":"09-02-2022"},{"id_purchase":32,"car_make":"Honda","car_model":"del Sol","car_year":1993,"vin":"3FAHP0HA1AR533672","price":"€49238,00","purchase_date":"22-09-2021"},{"id_purchase":33,"car_make":"Chevrolet","car_model":"Monte Carlo","car_year":1973,"vin":"WBABW53434P051750","price":"€34845,62","purchase_date":"18-05-2022"},{"id_purchase":34,"car_make":"Toyota","car_model":"4Runner","car_year":2007,"vin":"SCBDR33W08C034252","price":"€35546,47","purchase_date":"20-04-2022"},{"id_purchase":35,"car_make":"Chevrolet","car_model":"Express 3500","car_year":1997,"vin":"WBA3B5G5XDN296138","price":"€33324,64","purchase_date":"12-10-2022"},{"id_purchase":36,"car_make":"Ford","car_model":"Bronco","car_year":1985,"vin":"1G6DA1E34D0336279","price":"€34673,91","purchase_date":"17-10-2021"},{"id_purchase":37,"car_make":"Dodge","car_model":"Dakota","car_year":2000,"vin":"KNAGG4A88A5112035","price":"€45554,41","purchase_date":"09-04-2022"},{"id_purchase":38,"car_make":"Ford","car_model":"GT","car_year":2006,"vin":"3GYT4MEF3CG319764","price":"€30385,60","purchase_date":"11-01-2022"},{"id_purchase":39,"car_make":"Pontiac","car_model":"Grand Prix","car_year":2002,"vin":"5GAKRCED5BJ022389","price":"€43531,96","purchase_date":"01-02-2022"},{"id_purchase":40,"car_make":"Volkswagen","car_model":"Quantum","car_year":1984,"vin":"1N6BF0KM7FN259746","price":"€27269,05","purchase_date":"07-11-2021"},{"id_purchase":41,"car_make":"Lamborghini","car_model":"Diablo","car_year":2001,"vin":"3C6JD6AKXCG878988","price":"€19222,90","purchase_date":"01-05-2022"},{"id_purchase":42,"car_make":"Mercedes-Benz","car_model":"E-Class","car_year":1997,"vin":"1FTSW2A54AE814053","price":"€17174,68","purchase_date":"08-07-2022"},{"id_purchase":43,"car_make":"Bentley","car_model":"Continental Flying Spur","car_year":2009,"vin":"WDDEJ9EB1EA676465","price":"€25792,41","purchase_date":"16-12-2021"},{"id_purchase":44,"car_make":"Acura","car_model":"Vigor","car_year":1994,"vin":"JHMFA3F24BS879543","price":"€14657,80","purchase_date":"07-06-2022"},{"id_purchase":45,"car_make":"Pontiac","car_model":"Firebird","car_year":1967,"vin":"WAUFL44DX3N271724","price":"€13091,07","purchase_date":"30-07-2022"},{"id_purchase":46,"car_make":"Mitsubishi","car_model":"Galant","car_year":2006,"vin":"3N1CE2CP2FL915272","price":"€24373,75","purchase_date":"21-11-2022"},{"id_purchase":47,"car_make":"Dodge","car_model":"Viper","car_year":1999,"vin":"1GYEK63N45R866579","price":"€35401,71","purchase_date":"22-07-2022"},{"id_purchase":48,"car_make":"Hyundai","car_model":"Accent","car_year":2003,"vin":"JN1CV6FE1BM202901","price":"€21702,03","purchase_date":"17-05-2022"},{"id_purchase":49,"car_make":"Dodge","car_model":"Ram 2500","car_year":1996,"vin":"3VWF17AT7FM032777","price":"€13414,92","purchase_date":"30-07-2022"},{"id_purchase":50,"car_make":"Chevrolet","car_model":"G-Series 2500","car_year":1997,"vin":"3VW217AU8FM306964","price":"€22755,71","purchase_date":"17-09-2021"},{"id_purchase":51,"car_make":"Mitsubishi","car_model":"Galant","car_year":1991,"vin":"1G6DP567750885709","price":"€35778,54","purchase_date":"12-01-2022"},{"id_purchase":52,"car_make":"Cadillac","car_model":"STS","car_year":2009,"vin":"1GYS4JEFXER065371","price":"€16890,66","purchase_date":"01-08-2022"},{"id_purchase":53,"car_make":"Aptera","car_model":"Typ-1","car_year":2009,"vin":"1G6DA1E34C0738561","price":"€31146,50","purchase_date":"03-01-2022"},{"id_purchase":54,"car_make":"GMC","car_model":"Yukon XL 1500","car_year":2006,"vin":"WAUKFAFL0BN620042","price":"€24538,70","purchase_date":"10-12-2022"},{"id_purchase":55,"car_make":"Porsche","car_model":"914","car_year":1970,"vin":"2C3CDXEJ9FH394960","price":"€20875,27","purchase_date":"10-03-2022"},{"id_purchase":56,"car_make":"GMC","car_model":"Sierra 2500","car_year":2001,"vin":"WBADX7C52DP138727","price":"€12601,87","purchase_date":"30-09-2021"},{"id_purchase":57,"car_make":"Ford","car_model":"Escort","car_year":1990,"vin":"SALWG2VF3FA925303","price":"€43777,58","purchase_date":"01-03-2022"},{"id_purchase":58,"car_make":"Mitsubishi","car_model":"Eclipse","car_year":1991,"vin":"WAUBFCFL1CN635288","price":"€49604,35","purchase_date":"07-10-2022"},{"id_purchase":59,"car_make":"Pontiac","car_model":"G8","car_year":2009,"vin":"WBA3C1G57DN203680","price":"€18184,89","purchase_date":"01-10-2021"},{"id_purchase":60,"car_make":"Lotus","car_model":"Esprit","car_year":1985,"vin":"1G6AG5RX9F0929855","price":"€27393,53","purchase_date":"29-11-2022"},{"id_purchase":61,"car_make":"Land Rover","car_model":"Discovery","car_year":1995,"vin":"WDDGF5EB8BA589290","price":"€28941,51","purchase_date":"21-09-2021"},{"id_purchase":62,"car_make":"Kia","car_model":"Sedona","car_year":2006,"vin":"1G4HB5EM0AU651267","price":"€12449,09","purchase_date":"23-11-2021"},{"id_purchase":63,"car_make":"Saturn","car_model":"S-Series","car_year":2000,"vin":"JTJHY7AX1D4906167","price":"€20494,11","purchase_date":"14-11-2021"},{"id_purchase":64,"car_make":"Acura","car_model":"TL","car_year":1999,"vin":"JTDKDTB34F1352278","price":"€25357,01","purchase_date":"06-11-2022"},{"id_purchase":65,"car_make":"Mercedes-Benz","car_model":"G-Class","car_year":2008,"vin":"WAUGL78E88A410370","price":"€17536,64","purchase_date":"23-06-2022"},{"id_purchase":66,"car_make":"Cadillac","car_model":"CTS-V","car_year":2006,"vin":"1GYS3GEF9CR900122","price":"€31405,13","purchase_date":"25-04-2022"},{"id_purchase":67,"car_make":"Buick","car_model":"Rainier","car_year":2007,"vin":"1C4RDJAG3DC483047","price":"€44984,43","purchase_date":"15-08-2022"},{"id_purchase":68,"car_make":"GMC","car_model":"Sierra 3500","car_year":2006,"vin":"WBA3C1C56CA609526","price":"€31455,55","purchase_date":"25-09-2022"},{"id_purchase":69,"car_make":"BMW","car_model":"5 Series","car_year":2006,"vin":"3D73M4CL2AG250292","price":"€13195,92","purchase_date":"09-09-2022"},{"id_purchase":70,"car_make":"Lexus","car_model":"GS","car_year":2000,"vin":"SAJWA1CZ3E8374197","price":"€29283,91","purchase_date":"11-02-2022"},{"id_purchase":71,"car_make":"Oldsmobile","car_model":"Cutlass Supreme","car_year":1992,"vin":"1C6RD6LP6CS822809","price":"€19922,01","purchase_date":"15-01-2022"},{"id_purchase":72,"car_make":"Lamborghini","car_model":"Gallardo","car_year":2010,"vin":"WAUSH78E17A875079","price":"€45582,55","purchase_date":"28-08-2022"},{"id_purchase":73,"car_make":"Mercury","car_model":"Topaz","car_year":1984,"vin":"1G6KD57Y06U071287","price":"€42711,51","purchase_date":"20-12-2021"},{"id_purchase":74,"car_make":"Chrysler","car_model":"Crossfire","car_year":2007,"vin":"JN8AF5MR7BT741194","price":"€24349,35","purchase_date":"03-02-2022"},{"id_purchase":75,"car_make":"Ferrari","car_model":"F430 Spider","car_year":2006,"vin":"1FTSW2A56AE563374","price":"€24017,51","purchase_date":"06-11-2022"},{"id_purchase":76,"car_make":"Ferrari","car_model":"612 Scaglietti","car_year":2007,"vin":"WBAPK53569A319467","price":"€27537,12","purchase_date":"06-11-2022"},{"id_purchase":77,"car_make":"Infiniti","car_model":"Q","car_year":2001,"vin":"SCBFR7ZA2DC531907","price":"€30692,35","purchase_date":"11-10-2022"},{"id_purchase":78,"car_make":"BMW","car_model":"Z4","car_year":2003,"vin":"2G4GU5GX5E9469208","price":"€36394,51","purchase_date":"06-12-2021"},{"id_purchase":79,"car_make":"Chevrolet","car_model":"Monte Carlo","car_year":2000,"vin":"1C3CDZCB8CN848884","price":"€16203,32","purchase_date":"04-08-2022"},{"id_purchase":80,"car_make":"Honda","car_model":"Pilot","car_year":2012,"vin":"2G4GP5EC5B9787137","price":"€25625,83","purchase_date":"25-08-2022"},{"id_purchase":81,"car_make":"Jeep","car_model":"Commander","car_year":2008,"vin":"VNKJTUD3XFA255823","price":"€45550,25","purchase_date":"20-07-2022"},{"id_purchase":82,"car_make":"Lexus","car_model":"RX","car_year":1999,"vin":"5UXFG8C57CL050410","price":"€12813,78","purchase_date":"02-01-2022"},{"id_purchase":83,"car_make":"Ford","car_model":"Aspire","car_year":1996,"vin":"WAURV78T08A596133","price":"€12095,05","purchase_date":"07-09-2021"},{"id_purchase":84,"car_make":"Mitsubishi","car_model":"Raider","car_year":2006,"vin":"SCFEDCAD5BG346327","price":"€28037,21","purchase_date":"09-09-2021"},{"id_purchase":85,"car_make":"Mazda","car_model":"MPV","car_year":2004,"vin":"WBANV13568C401449","price":"€27494,58","purchase_date":"21-03-2022"},{"id_purchase":86,"car_make":"Dodge","car_model":"Ram Wagon B250","car_year":1993,"vin":"2T1BPRHE2FC419863","price":"€43779,54","purchase_date":"04-04-2022"},{"id_purchase":87,"car_make":"Plymouth","car_model":"Neon","car_year":1998,"vin":"JH4DB76551S627269","price":"€40830,33","purchase_date":"29-08-2022"},{"id_purchase":88,"car_make":"Honda","car_model":"Odyssey","car_year":2002,"vin":"5FPYK1F6XEB073942","price":"€45084,15","purchase_date":"11-07-2022"},{"id_purchase":89,"car_make":"Mercedes-Benz","car_model":"SL-Class","car_year":2003,"vin":"1FAHP3EN0BW761427","price":"€40475,07","purchase_date":"21-10-2022"},{"id_purchase":90,"car_make":"Mazda","car_model":"MPV","car_year":1993,"vin":"2HNYD18892H324063","price":"€42313,64","purchase_date":"03-03-2022"},{"id_purchase":91,"car_make":"Subaru","car_model":"Legacy","car_year":1992,"vin":"1GYUKFEJ4AR786277","price":"€16650,81","purchase_date":"21-01-2022"},{"id_purchase":92,"car_make":"GMC","car_model":"2500","car_year":1994,"vin":"5N1AN0NW0EN063348","price":"€43285,79","purchase_date":"16-09-2022"},{"id_purchase":93,"car_make":"Mazda","car_model":"RX-8","car_year":2010,"vin":"1FTEX1CM3BK238340","price":"€45992,25","purchase_date":"20-08-2022"},{"id_purchase":94,"car_make":"Toyota","car_model":"RAV4","car_year":2007,"vin":"1B3BD2FB9BN753552","price":"€38961,76","purchase_date":"13-08-2022"},{"id_purchase":95,"car_make":"Oldsmobile","car_model":"Cutlass","car_year":1998,"vin":"YV1672MK9A2607821","price":"€41491,62","purchase_date":"05-12-2022"},{"id_purchase":96,"car_make":"Audi","car_model":"A5","car_year":2009,"vin":"3C4PDCBB9ET286914","price":"€40576,83","purchase_date":"02-04-2022"},{"id_purchase":97,"car_make":"BMW","car_model":"645","car_year":2005,"vin":"2G4WD582471279075","price":"€24628,28","purchase_date":"31-07-2022"},{"id_purchase":98,"car_make":"GMC","car_model":"Vandura 2500","car_year":1992,"vin":"WAUJC58E15A010866","price":"€25657,38","purchase_date":"14-05-2022"},{"id_purchase":99,"car_make":"Mitsubishi","car_model":"Outlander Sport","car_year":2011,"vin":"SAJWA0FS2FP396952","price":"€24880,50","purchase_date":"21-10-2021"},{"id_purchase":100,"car_make":"Mercury","car_model":"Cougar","car_year":1984,"vin":"WAUKD78P07A426036","price":"€41031,45","purchase_date":"07-10-2022"}]