[
    {
        "id": 1,
        "f_name": "Baxy",
        "l_name": "Bunn"
    },
    {
        "id": 2,
        "f_name": "Alida",
        "l_name": "Lebrun"
    },
    {
        "id": 3,
        "f_name": "Dillie",
        "l_name": "Orton"
    },
    {
        "id": 4,
        "f_name": "Hillel",
        "l_name": "Wimmer"
    },
    {
        "id": 5,
        "f_name": "Gale",
        "l_name": "Geraghty"
    },
    {
        "id": 6,
        "f_name": "Nigel",
        "l_name": "Conry"
    },
    {
        "id": 7,
        "f_name": "Nerty",
        "l_name": "Gentil"
    },
    {
        "id": 8,
        "f_name": "Anders",
        "l_name": "Flewett"
    },
    {
        "id": 9,
        "f_name": "Rolph",
        "l_name": "Gates"
    },
    {
        "id": 10,
        "f_name": "Tandi",
        "l_name": "Pegrum"
    },
    {
        "id": 11,
        "f_name": "Ebonee",
        "l_name": "Negus"
    },
    {
        "id": 12,
        "f_name": "Freedman",
        "l_name": "Sanders"
    },
    {
        "id": 13,
        "f_name": "Maisie",
        "l_name": "Ferrea"
    },
    {
        "id": 14,
        "f_name": "Auberon",
        "l_name": "Tremaine"
    },
    {
        "id": 15,
        "f_name": "Kristian",
        "l_name": "Cearley"
    },
    {
        "id": 16,
        "f_name": "Ofelia",
        "l_name": "Raggitt"
    },
    {
        "id": 17,
        "f_name": "Krisha",
        "l_name": "Muldowney"
    },
    {
        "id": 18,
        "f_name": "Kally",
        "l_name": "Beesey"
    },
    {
        "id": 19,
        "f_name": "Edward",
        "l_name": "Spirit"
    },
    {
        "id": 20,
        "f_name": "Emmie",
        "l_name": "Doig"
    },
    {
        "id": 21,
        "f_name": "Allin",
        "l_name": "Yukhin"
    },
    {
        "id": 22,
        "f_name": "Belle",
        "l_name": "Thacke"
    },
    {
        "id": 23,
        "f_name": "Jerrilyn",
        "l_name": "Obin"
    },
    {
        "id": 24,
        "f_name": "Kilian",
        "l_name": "Kopman"
    },
    {
        "id": 25,
        "f_name": "Blaire",
        "l_name": "Andersson"
    },
    {
        "id": 26,
        "f_name": "Ryan",
        "l_name": "Heskey"
    },
    {
        "id": 27,
        "f_name": "Arther",
        "l_name": "Wadeling"
    },
    {
        "id": 28,
        "f_name": "Bordie",
        "l_name": "Hurdman"
    },
    {
        "id": 29,
        "f_name": "Suzi",
        "l_name": "Thorndale"
    },
    {
        "id": 30,
        "f_name": "Emile",
        "l_name": "Demanche"
    },
    {
        "id": 31,
        "f_name": "Thomasina",
        "l_name": "Valente"
    },
    {
        "id": 32,
        "f_name": "Valerye",
        "l_name": "Amyes"
    },
    {
        "id": 33,
        "f_name": "Eyde",
        "l_name": "Keighley"
    },
    {
        "id": 34,
        "f_name": "Erminie",
        "l_name": "Carlone"
    },
    {
        "id": 35,
        "f_name": "Gaelan",
        "l_name": "Dorset"
    },
    {
        "id": 36,
        "f_name": "Tabbitha",
        "l_name": "Dwelly"
    },
    {
        "id": 37,
        "f_name": "Courtney",
        "l_name": "Newband"
    },
    {
        "id": 38,
        "f_name": "Antonia",
        "l_name": "Antognazzi"
    },
    {
        "id": 39,
        "f_name": "Colene",
        "l_name": "Zini"
    },
    {
        "id": 40,
        "f_name": "Meris",
        "l_name": "Eivers"
    },
    {
        "id": 41,
        "f_name": "Bobby",
        "l_name": "Stife"
    },
    {
        "id": 42,
        "f_name": "Rivi",
        "l_name": "De Paepe"
    },
    {
        "id": 43,
        "f_name": "Krisha",
        "l_name": "Lamprey"
    },
    {
        "id": 44,
        "f_name": "Lanni",
        "l_name": "MacClay"
    },
    {
        "id": 45,
        "f_name": "Richmond",
        "l_name": "Douce"
    },
    {
        "id": 46,
        "f_name": "Salomi",
        "l_name": "Stiant"
    },
    {
        "id": 47,
        "f_name": "Cozmo",
        "l_name": "Minigo"
    },
    {
        "id": 48,
        "f_name": "Huey",
        "l_name": "Dougary"
    },
    {
        "id": 49,
        "f_name": "Reider",
        "l_name": "Cadore"
    },
    {
        "id": 50,
        "f_name": "Tyrone",
        "l_name": "Whitsey"
    },
    {
        "id": 51,
        "f_name": "Zsazsa",
        "l_name": "Colyer"
    },
    {
        "id": 52,
        "f_name": "Anders",
        "l_name": "Staziker"
    },
    {
        "id": 53,
        "f_name": "Joseph",
        "l_name": "Grant"
    },
    {
        "id": 54,
        "f_name": "Wadsworth",
        "l_name": "Kassidy"
    },
    {
        "id": 55,
        "f_name": "Clarine",
        "l_name": "Kelwaybamber"
    },
    {
        "id": 56,
        "f_name": "Timothea",
        "l_name": "Pittford"
    },
    {
        "id": 57,
        "f_name": "Margie",
        "l_name": "Holdin"
    },
    {
        "id": 58,
        "f_name": "Aharon",
        "l_name": "Andreazzi"
    },
    {
        "id": 59,
        "f_name": "Charlean",
        "l_name": "Yesenev"
    },
    {
        "id": 60,
        "f_name": "Alina",
        "l_name": "Laurentino"
    },
    {
        "id": 61,
        "f_name": "Cosmo",
        "l_name": "McCarter"
    },
    {
        "id": 62,
        "f_name": "Trula",
        "l_name": "De Benedictis"
    },
    {
        "id": 63,
        "f_name": "Whitney",
        "l_name": "Wrefford"
    },
    {
        "id": 64,
        "f_name": "Abramo",
        "l_name": "Souten"
    },
    {
        "id": 65,
        "f_name": "Richmound",
        "l_name": "Domek"
    },
    {
        "id": 66,
        "f_name": "Justin",
        "l_name": "Axby"
    },
    {
        "id": 67,
        "f_name": "Kelvin",
        "l_name": "Curran"
    },
    {
        "id": 68,
        "f_name": "Timotheus",
        "l_name": "Oiller"
    },
    {
        "id": 69,
        "f_name": "Louie",
        "l_name": "Scotchford"
    },
    {
        "id": 70,
        "f_name": "Berni",
        "l_name": "Aspall"
    },
    {
        "id": 71,
        "f_name": "Freda",
        "l_name": "Valois"
    },
    {
        "id": 72,
        "f_name": "Nickolas",
        "l_name": "Kellard"
    },
    {
        "id": 73,
        "f_name": "Sindee",
        "l_name": "Cornfoot"
    },
    {
        "id": 74,
        "f_name": "Henka",
        "l_name": "Kevis"
    },
    {
        "id": 75,
        "f_name": "Marjorie",
        "l_name": "Sweet"
    },
    {
        "id": 76,
        "f_name": "Dallon",
        "l_name": "Stable"
    },
    {
        "id": 77,
        "f_name": "Genna",
        "l_name": "Sinney"
    },
    {
        "id": 78,
        "f_name": "Danette",
        "l_name": "Curtis"
    },
    {
        "id": 79,
        "f_name": "Wit",
        "l_name": "Pymer"
    },
    {
        "id": 80,
        "f_name": "Ilysa",
        "l_name": "Archibald"
    },
    {
        "id": 81,
        "f_name": "Rollo",
        "l_name": "Labat"
    },
    {
        "id": 82,
        "f_name": "Valina",
        "l_name": "Flohard"
    },
    {
        "id": 83,
        "f_name": "Amil",
        "l_name": "Kenewel"
    },
    {
        "id": 84,
        "f_name": "Danit",
        "l_name": "Boggs"
    },
    {
        "id": 85,
        "f_name": "Marcel",
        "l_name": "Ewell"
    },
    {
        "id": 86,
        "f_name": "Cirillo",
        "l_name": "Cousins"
    },
    {
        "id": 87,
        "f_name": "Geoffry",
        "l_name": "Sedgebeer"
    },
    {
        "id": 88,
        "f_name": "Tobiah",
        "l_name": "Valentinetti"
    },
    {
        "id": 89,
        "f_name": "Orton",
        "l_name": "Kearford"
    },
    {
        "id": 90,
        "f_name": "Heather",
        "l_name": "Ends"
    },
    {
        "id": 91,
        "f_name": "Ashbey",
        "l_name": "Van Driel"
    },
    {
        "id": 92,
        "f_name": "Ula",
        "l_name": "Kobiela"
    },
    {
        "id": 93,
        "f_name": "Neddy",
        "l_name": "Laboune"
    },
    {
        "id": 94,
        "f_name": "Tonnie",
        "l_name": "Gwalter"
    },
    {
        "id": 95,
        "f_name": "Chloris",
        "l_name": "Lintill"
    },
    {
        "id": 96,
        "f_name": "Rosemary",
        "l_name": "Longmore"
    },
    {
        "id": 97,
        "f_name": "Avrit",
        "l_name": "O'Sheeryne"
    },
    {
        "id": 98,
        "f_name": "Briney",
        "l_name": "Mustoo"
    },
    {
        "id": 99,
        "f_name": "Lenna",
        "l_name": "Escalera"
    },
    {
        "id": 100,
        "f_name": "Conrade",
        "l_name": "Southwood"
    },
    {
        "id": 101,
        "f_name": "Teodoro",
        "l_name": "Nelane"
    },
    {
        "id": 102,
        "f_name": "Cacilia",
        "l_name": "Huyge"
    },
    {
        "id": 103,
        "f_name": "Falkner",
        "l_name": "Walter"
    },
    {
        "id": 104,
        "f_name": "Hartley",
        "l_name": "Karpol"
    },
    {
        "id": 105,
        "f_name": "Loren",
        "l_name": "Lishmund"
    },
    {
        "id": 106,
        "f_name": "Morey",
        "l_name": "Temby"
    },
    {
        "id": 107,
        "f_name": "Gwendolen",
        "l_name": "Salvatore"
    },
    {
        "id": 108,
        "f_name": "Emelyne",
        "l_name": "Doey"
    },
    {
        "id": 109,
        "f_name": "Cooper",
        "l_name": "Tandey"
    },
    {
        "id": 110,
        "f_name": "Freeman",
        "l_name": "Spraging"
    },
    {
        "id": 111,
        "f_name": "Ki",
        "l_name": "Dearle"
    },
    {
        "id": 112,
        "f_name": "Lisbeth",
        "l_name": "Dougary"
    },
    {
        "id": 113,
        "f_name": "Miguelita",
        "l_name": "Blakeborough"
    },
    {
        "id": 114,
        "f_name": "Haley",
        "l_name": "Pauwel"
    },
    {
        "id": 115,
        "f_name": "Charissa",
        "l_name": "Cresswell"
    },
    {
        "id": 116,
        "f_name": "Scarlet",
        "l_name": "Dampier"
    },
    {
        "id": 117,
        "f_name": "Danny",
        "l_name": "Syphas"
    },
    {
        "id": 118,
        "f_name": "Sheffy",
        "l_name": "La Torre"
    },
    {
        "id": 119,
        "f_name": "Feodora",
        "l_name": "Goaley"
    },
    {
        "id": 120,
        "f_name": "Myrtia",
        "l_name": "Alfwy"
    },
    {
        "id": 121,
        "f_name": "Dunstan",
        "l_name": "Caccavale"
    },
    {
        "id": 122,
        "f_name": "Anthe",
        "l_name": "Jaffray"
    },
    {
        "id": 123,
        "f_name": "Herby",
        "l_name": "Eskriett"
    },
    {
        "id": 124,
        "f_name": "Elinore",
        "l_name": "Bales"
    },
    {
        "id": 125,
        "f_name": "Gareth",
        "l_name": "Comben"
    },
    {
        "id": 126,
        "f_name": "Gail",
        "l_name": "Domengue"
    },
    {
        "id": 127,
        "f_name": "Stevana",
        "l_name": "Olwen"
    },
    {
        "id": 128,
        "f_name": "Elihu",
        "l_name": "Biddles"
    },
    {
        "id": 129,
        "f_name": "Briny",
        "l_name": "Pawelek"
    },
    {
        "id": 130,
        "f_name": "Catie",
        "l_name": "Cuningham"
    },
    {
        "id": 131,
        "f_name": "Beatrice",
        "l_name": "Moyse"
    },
    {
        "id": 132,
        "f_name": "Warden",
        "l_name": "Parkes"
    },
    {
        "id": 133,
        "f_name": "Nappy",
        "l_name": "Stratz"
    },
    {
        "id": 134,
        "f_name": "Dennie",
        "l_name": "Ivanichev"
    },
    {
        "id": 135,
        "f_name": "Anderson",
        "l_name": "Prandoni"
    },
    {
        "id": 136,
        "f_name": "Boote",
        "l_name": "Alesio"
    },
    {
        "id": 137,
        "f_name": "Vitoria",
        "l_name": "Everest"
    },
    {
        "id": 138,
        "f_name": "Theodoric",
        "l_name": "Sangwine"
    },
    {
        "id": 139,
        "f_name": "Alfonso",
        "l_name": "Cornils"
    },
    {
        "id": 140,
        "f_name": "Bobette",
        "l_name": "Fawdrey"
    },
    {
        "id": 141,
        "f_name": "Hestia",
        "l_name": "Ferres"
    },
    {
        "id": 142,
        "f_name": "Gustavus",
        "l_name": "Yeowell"
    },
    {
        "id": 143,
        "f_name": "Devin",
        "l_name": "Julien"
    },
    {
        "id": 144,
        "f_name": "Britney",
        "l_name": "Mewrcik"
    },
    {
        "id": 145,
        "f_name": "Yoshiko",
        "l_name": "Donnersberg"
    },
    {
        "id": 146,
        "f_name": "Theo",
        "l_name": "Tugwell"
    },
    {
        "id": 147,
        "f_name": "Kincaid",
        "l_name": "Hurn"
    },
    {
        "id": 148,
        "f_name": "Sloan",
        "l_name": "Lie"
    },
    {
        "id": 149,
        "f_name": "Xylina",
        "l_name": "Wignall"
    },
    {
        "id": 150,
        "f_name": "Xever",
        "l_name": "Clooney"
    },
    {
        "id": 151,
        "f_name": "Latia",
        "l_name": "Greedy"
    },
    {
        "id": 152,
        "f_name": "Cacilie",
        "l_name": "Pordal"
    },
    {
        "id": 153,
        "f_name": "Casar",
        "l_name": "Scawen"
    },
    {
        "id": 154,
        "f_name": "Chaim",
        "l_name": "Ricco"
    },
    {
        "id": 155,
        "f_name": "Harold",
        "l_name": "Attack"
    },
    {
        "id": 156,
        "f_name": "Ralf",
        "l_name": "Killelea"
    },
    {
        "id": 157,
        "f_name": "Vivian",
        "l_name": "Nelthrop"
    },
    {
        "id": 158,
        "f_name": "Hanan",
        "l_name": "Letham"
    },
    {
        "id": 159,
        "f_name": "Perceval",
        "l_name": "Hallt"
    },
    {
        "id": 160,
        "f_name": "Marna",
        "l_name": "Strathdee"
    },
    {
        "id": 161,
        "f_name": "Dehlia",
        "l_name": "Lambin"
    },
    {
        "id": 162,
        "f_name": "Ethelda",
        "l_name": "Barff"
    },
    {
        "id": 163,
        "f_name": "Bernie",
        "l_name": "Henzer"
    },
    {
        "id": 164,
        "f_name": "Natalie",
        "l_name": "Tash"
    },
    {
        "id": 165,
        "f_name": "Rudolph",
        "l_name": "Pristnor"
    },
    {
        "id": 166,
        "f_name": "Benn",
        "l_name": "Addison"
    },
    {
        "id": 167,
        "f_name": "Cordula",
        "l_name": "Bocking"
    },
    {
        "id": 168,
        "f_name": "Lizbeth",
        "l_name": "Manford"
    },
    {
        "id": 169,
        "f_name": "Saxe",
        "l_name": "Wedlock"
    },
    {
        "id": 170,
        "f_name": "Waverly",
        "l_name": "Brik"
    },
    {
        "id": 171,
        "f_name": "Harris",
        "l_name": "Holehouse"
    },
    {
        "id": 172,
        "f_name": "Farris",
        "l_name": "Blasius"
    },
    {
        "id": 173,
        "f_name": "Galvan",
        "l_name": "Stollsteiner"
    },
    {
        "id": 174,
        "f_name": "Si",
        "l_name": "Matzel"
    },
    {
        "id": 175,
        "f_name": "Elbertine",
        "l_name": "Curry"
    },
    {
        "id": 176,
        "f_name": "Nadean",
        "l_name": "Durn"
    },
    {
        "id": 177,
        "f_name": "Virginie",
        "l_name": "Dunmore"
    },
    {
        "id": 178,
        "f_name": "Verine",
        "l_name": "Massingham"
    },
    {
        "id": 179,
        "f_name": "Winny",
        "l_name": "Spilisy"
    },
    {
        "id": 180,
        "f_name": "Cazzie",
        "l_name": "Loos"
    },
    {
        "id": 181,
        "f_name": "Pauletta",
        "l_name": "Edmans"
    },
    {
        "id": 182,
        "f_name": "Lindsey",
        "l_name": "McCord"
    },
    {
        "id": 183,
        "f_name": "Milton",
        "l_name": "Spikins"
    },
    {
        "id": 184,
        "f_name": "Korrie",
        "l_name": "Haggar"
    },
    {
        "id": 185,
        "f_name": "Claudetta",
        "l_name": "Woolpert"
    },
    {
        "id": 186,
        "f_name": "Ravid",
        "l_name": "Gedney"
    },
    {
        "id": 187,
        "f_name": "Lyndy",
        "l_name": "Draisey"
    },
    {
        "id": 188,
        "f_name": "Web",
        "l_name": "Ranyell"
    },
    {
        "id": 189,
        "f_name": "Johan",
        "l_name": "Bummfrey"
    },
    {
        "id": 190,
        "f_name": "Sergio",
        "l_name": "Gyford"
    },
    {
        "id": 191,
        "f_name": "Corene",
        "l_name": "Cabbell"
    },
    {
        "id": 192,
        "f_name": "Maximilian",
        "l_name": "Curdell"
    },
    {
        "id": 193,
        "f_name": "Virgie",
        "l_name": "Gambell"
    },
    {
        "id": 194,
        "f_name": "Kendall",
        "l_name": "Fillis"
    },
    {
        "id": 195,
        "f_name": "Duncan",
        "l_name": "Chafney"
    },
    {
        "id": 196,
        "f_name": "Laryssa",
        "l_name": "Sorrill"
    },
    {
        "id": 197,
        "f_name": "Faina",
        "l_name": "Sheaf"
    },
    {
        "id": 198,
        "f_name": "Wes",
        "l_name": "Astlett"
    },
    {
        "id": 199,
        "f_name": "Berkeley",
        "l_name": "Rozycki"
    },
    {
        "id": 200,
        "f_name": "Conrade",
        "l_name": "Kent"
    },
    {
        "id": 201,
        "f_name": "Jillian",
        "l_name": "D'Alesio"
    },
    {
        "id": 202,
        "f_name": "Nicolina",
        "l_name": "Bener"
    },
    {
        "id": 203,
        "f_name": "Tobye",
        "l_name": "Masselin"
    },
    {
        "id": 204,
        "f_name": "Cloris",
        "l_name": "Jarmain"
    },
    {
        "id": 205,
        "f_name": "Danella",
        "l_name": "Bradick"
    },
    {
        "id": 206,
        "f_name": "Alikee",
        "l_name": "Lilly"
    },
    {
        "id": 207,
        "f_name": "Lorettalorna",
        "l_name": "Korda"
    },
    {
        "id": 208,
        "f_name": "Daisi",
        "l_name": "Cantillion"
    },
    {
        "id": 209,
        "f_name": "Tiebout",
        "l_name": "Whiscard"
    },
    {
        "id": 210,
        "f_name": "Babs",
        "l_name": "Commucci"
    },
    {
        "id": 211,
        "f_name": "Aksel",
        "l_name": "Smeath"
    },
    {
        "id": 212,
        "f_name": "Kamilah",
        "l_name": "Spyby"
    },
    {
        "id": 213,
        "f_name": "Conn",
        "l_name": "Varley"
    },
    {
        "id": 214,
        "f_name": "Biddy",
        "l_name": "Gravenall"
    },
    {
        "id": 215,
        "f_name": "Abbey",
        "l_name": "Seelbach"
    },
    {
        "id": 216,
        "f_name": "Devlen",
        "l_name": "Nazair"
    },
    {
        "id": 217,
        "f_name": "Winni",
        "l_name": "Bussey"
    },
    {
        "id": 218,
        "f_name": "Padget",
        "l_name": "Stag"
    },
    {
        "id": 219,
        "f_name": "Amory",
        "l_name": "Wyndham"
    },
    {
        "id": 220,
        "f_name": "Daniella",
        "l_name": "Tsar"
    },
    {
        "id": 221,
        "f_name": "Wright",
        "l_name": "Clampett"
    },
    {
        "id": 222,
        "f_name": "Reilly",
        "l_name": "Belf"
    },
    {
        "id": 223,
        "f_name": "Reynold",
        "l_name": "Oulet"
    },
    {
        "id": 224,
        "f_name": "Melly",
        "l_name": "Ellington"
    },
    {
        "id": 225,
        "f_name": "Penny",
        "l_name": "Stubbeley"
    },
    {
        "id": 226,
        "f_name": "Moreen",
        "l_name": "Ivachyov"
    },
    {
        "id": 227,
        "f_name": "Hamlen",
        "l_name": "Americi"
    },
    {
        "id": 228,
        "f_name": "Madelaine",
        "l_name": "Deas"
    },
    {
        "id": 229,
        "f_name": "Florian",
        "l_name": "MacKinnon"
    },
    {
        "id": 230,
        "f_name": "Jess",
        "l_name": "Pavitt"
    },
    {
        "id": 231,
        "f_name": "Chloette",
        "l_name": "Priddie"
    },
    {
        "id": 232,
        "f_name": "Coraline",
        "l_name": "Tomley"
    },
    {
        "id": 233,
        "f_name": "Clarke",
        "l_name": "Bassil"
    },
    {
        "id": 234,
        "f_name": "Douglass",
        "l_name": "Stevens"
    },
    {
        "id": 235,
        "f_name": "Lorrie",
        "l_name": "Edson"
    },
    {
        "id": 236,
        "f_name": "Austin",
        "l_name": "Vouls"
    },
    {
        "id": 237,
        "f_name": "Tracey",
        "l_name": "Yepiskopov"
    },
    {
        "id": 238,
        "f_name": "Orren",
        "l_name": "Sexcey"
    },
    {
        "id": 239,
        "f_name": "Glenn",
        "l_name": "Catchpole"
    },
    {
        "id": 240,
        "f_name": "Tiebout",
        "l_name": "Saipy"
    },
    {
        "id": 241,
        "f_name": "Eadmund",
        "l_name": "Dumbare"
    },
    {
        "id": 242,
        "f_name": "Jojo",
        "l_name": "Steptowe"
    },
    {
        "id": 243,
        "f_name": "Ulrick",
        "l_name": "Lewty"
    },
    {
        "id": 244,
        "f_name": "Wilone",
        "l_name": "Branigan"
    },
    {
        "id": 245,
        "f_name": "Bartholomeus",
        "l_name": "Mateiko"
    },
    {
        "id": 246,
        "f_name": "Ray",
        "l_name": "Lambourne"
    },
    {
        "id": 247,
        "f_name": "Ches",
        "l_name": "Soggee"
    },
    {
        "id": 248,
        "f_name": "Pinchas",
        "l_name": "Kleinlerer"
    },
    {
        "id": 249,
        "f_name": "Brewer",
        "l_name": "Touhig"
    },
    {
        "id": 250,
        "f_name": "Trista",
        "l_name": "Kingsland"
    },
    {
        "id": 251,
        "f_name": "Carlota",
        "l_name": "Winsley"
    },
    {
        "id": 252,
        "f_name": "Batsheva",
        "l_name": "Ryding"
    },
    {
        "id": 253,
        "f_name": "Kain",
        "l_name": "Marrian"
    },
    {
        "id": 254,
        "f_name": "Brianne",
        "l_name": "Bingley"
    },
    {
        "id": 255,
        "f_name": "Regina",
        "l_name": "Peedell"
    },
    {
        "id": 256,
        "f_name": "Tab",
        "l_name": "Renneke"
    },
    {
        "id": 257,
        "f_name": "Tannie",
        "l_name": "Calrow"
    },
    {
        "id": 258,
        "f_name": "Tabbie",
        "l_name": "Kneal"
    },
    {
        "id": 259,
        "f_name": "Ramona",
        "l_name": "Lushey"
    },
    {
        "id": 260,
        "f_name": "Leia",
        "l_name": "Barkway"
    },
    {
        "id": 261,
        "f_name": "Jandy",
        "l_name": "Rew"
    },
    {
        "id": 262,
        "f_name": "Turner",
        "l_name": "McLaine"
    },
    {
        "id": 263,
        "f_name": "Larry",
        "l_name": "Wetton"
    },
    {
        "id": 264,
        "f_name": "Gib",
        "l_name": "Nucciotti"
    },
    {
        "id": 265,
        "f_name": "Bernie",
        "l_name": "Daouse"
    },
    {
        "id": 266,
        "f_name": "Siegfried",
        "l_name": "Orto"
    },
    {
        "id": 267,
        "f_name": "Arny",
        "l_name": "Kyneton"
    },
    {
        "id": 268,
        "f_name": "Salomi",
        "l_name": "Pobjay"
    },
    {
        "id": 269,
        "f_name": "Chaunce",
        "l_name": "Trebble"
    },
    {
        "id": 270,
        "f_name": "Jonas",
        "l_name": "Lissaman"
    },
    {
        "id": 271,
        "f_name": "Diahann",
        "l_name": "Goosey"
    },
    {
        "id": 272,
        "f_name": "Quincey",
        "l_name": "Kliment"
    },
    {
        "id": 273,
        "f_name": "Cyrus",
        "l_name": "Waszczyk"
    },
    {
        "id": 274,
        "f_name": "Yurik",
        "l_name": "Meakin"
    },
    {
        "id": 275,
        "f_name": "Woody",
        "l_name": "Baiyle"
    },
    {
        "id": 276,
        "f_name": "Ford",
        "l_name": "Bradnick"
    },
    {
        "id": 277,
        "f_name": "Dredi",
        "l_name": "Mayell"
    },
    {
        "id": 278,
        "f_name": "Gavrielle",
        "l_name": "Marian"
    },
    {
        "id": 279,
        "f_name": "Will",
        "l_name": "Tolmie"
    },
    {
        "id": 280,
        "f_name": "Randell",
        "l_name": "McCann"
    },
    {
        "id": 281,
        "f_name": "Niki",
        "l_name": "Thorrold"
    },
    {
        "id": 282,
        "f_name": "Lowrance",
        "l_name": "Myhan"
    },
    {
        "id": 283,
        "f_name": "Flinn",
        "l_name": "Gerault"
    },
    {
        "id": 284,
        "f_name": "Christy",
        "l_name": "Allabush"
    },
    {
        "id": 285,
        "f_name": "Padgett",
        "l_name": "Dimitriev"
    },
    {
        "id": 286,
        "f_name": "Myrlene",
        "l_name": "McClunaghan"
    },
    {
        "id": 287,
        "f_name": "Abdul",
        "l_name": "Hunnaball"
    },
    {
        "id": 288,
        "f_name": "Burl",
        "l_name": "Epine"
    },
    {
        "id": 289,
        "f_name": "Hogan",
        "l_name": "Donet"
    },
    {
        "id": 290,
        "f_name": "Olivia",
        "l_name": "Treadgear"
    },
    {
        "id": 291,
        "f_name": "Marissa",
        "l_name": "Gloster"
    },
    {
        "id": 292,
        "f_name": "Cos",
        "l_name": "Blewis"
    },
    {
        "id": 293,
        "f_name": "Biron",
        "l_name": "Rollins"
    },
    {
        "id": 294,
        "f_name": "Johnna",
        "l_name": "Chatelot"
    },
    {
        "id": 295,
        "f_name": "Nalani",
        "l_name": "Keets"
    },
    {
        "id": 296,
        "f_name": "Christiana",
        "l_name": "Causbey"
    },
    {
        "id": 297,
        "f_name": "Agnella",
        "l_name": "Bolderson"
    },
    {
        "id": 298,
        "f_name": "Carmita",
        "l_name": "Tickel"
    },
    {
        "id": 299,
        "f_name": "Clareta",
        "l_name": "Colisbe"
    },
    {
        "id": 300,
        "f_name": "Jamey",
        "l_name": "Lainge"
    },
    {
        "id": 301,
        "f_name": "Evvie",
        "l_name": "Radmore"
    },
    {
        "id": 302,
        "f_name": "Rozella",
        "l_name": "Kohrs"
    },
    {
        "id": 303,
        "f_name": "Cayla",
        "l_name": "Fridaye"
    },
    {
        "id": 304,
        "f_name": "Dona",
        "l_name": "Cowburn"
    },
    {
        "id": 305,
        "f_name": "Bev",
        "l_name": "Seivwright"
    },
    {
        "id": 306,
        "f_name": "Slade",
        "l_name": "Franceschielli"
    },
    {
        "id": 307,
        "f_name": "Mikkel",
        "l_name": "Strass"
    },
    {
        "id": 308,
        "f_name": "Gwennie",
        "l_name": "Blennerhassett"
    },
    {
        "id": 309,
        "f_name": "Natalie",
        "l_name": "Earland"
    },
    {
        "id": 310,
        "f_name": "Gabriel",
        "l_name": "Housen"
    },
    {
        "id": 311,
        "f_name": "Duffie",
        "l_name": "Heathcote"
    },
    {
        "id": 312,
        "f_name": "Nikolas",
        "l_name": "Brandel"
    },
    {
        "id": 313,
        "f_name": "Friedrich",
        "l_name": "Griffin"
    },
    {
        "id": 314,
        "f_name": "Sisely",
        "l_name": "Barajaz"
    },
    {
        "id": 315,
        "f_name": "Damita",
        "l_name": "Aspell"
    },
    {
        "id": 316,
        "f_name": "Renata",
        "l_name": "Dallewater"
    },
    {
        "id": 317,
        "f_name": "Sharon",
        "l_name": "McGorley"
    },
    {
        "id": 318,
        "f_name": "Scotty",
        "l_name": "Kennealy"
    },
    {
        "id": 319,
        "f_name": "Harriette",
        "l_name": "Raecroft"
    },
    {
        "id": 320,
        "f_name": "Brendin",
        "l_name": "Bridger"
    },
    {
        "id": 321,
        "f_name": "Gypsy",
        "l_name": "Caveau"
    },
    {
        "id": 322,
        "f_name": "Dagmar",
        "l_name": "Pavier"
    },
    {
        "id": 323,
        "f_name": "Monica",
        "l_name": "Gurry"
    },
    {
        "id": 324,
        "f_name": "Maurine",
        "l_name": "Wyse"
    },
    {
        "id": 325,
        "f_name": "Carolee",
        "l_name": "Duinbleton"
    },
    {
        "id": 326,
        "f_name": "Cybil",
        "l_name": "Greenstead"
    },
    {
        "id": 327,
        "f_name": "Byram",
        "l_name": "Kasman"
    },
    {
        "id": 328,
        "f_name": "Carlee",
        "l_name": "Scarborough"
    },
    {
        "id": 329,
        "f_name": "Edouard",
        "l_name": "Gooderidge"
    },
    {
        "id": 330,
        "f_name": "Urson",
        "l_name": "Rintoul"
    },
    {
        "id": 331,
        "f_name": "Chloe",
        "l_name": "Tunnah"
    },
    {
        "id": 332,
        "f_name": "Joella",
        "l_name": "Wortman"
    },
    {
        "id": 333,
        "f_name": "Pris",
        "l_name": "Kingdon"
    },
    {
        "id": 334,
        "f_name": "Darsie",
        "l_name": "Shambroke"
    },
    {
        "id": 335,
        "f_name": "Avivah",
        "l_name": "Gyorgy"
    },
    {
        "id": 336,
        "f_name": "Genevra",
        "l_name": "Hebron"
    },
    {
        "id": 337,
        "f_name": "Ulick",
        "l_name": "Whyberd"
    },
    {
        "id": 338,
        "f_name": "Andree",
        "l_name": "Norewood"
    },
    {
        "id": 339,
        "f_name": "Jennee",
        "l_name": "Bartleman"
    },
    {
        "id": 340,
        "f_name": "Hanan",
        "l_name": "Levington"
    },
    {
        "id": 341,
        "f_name": "Pascal",
        "l_name": "Strowlger"
    },
    {
        "id": 342,
        "f_name": "Kort",
        "l_name": "Paynton"
    },
    {
        "id": 343,
        "f_name": "Trula",
        "l_name": "Winsley"
    },
    {
        "id": 344,
        "f_name": "Rae",
        "l_name": "Worsom"
    },
    {
        "id": 345,
        "f_name": "Errick",
        "l_name": "Nuttall"
    },
    {
        "id": 346,
        "f_name": "Thorstein",
        "l_name": "Neil"
    },
    {
        "id": 347,
        "f_name": "Lewes",
        "l_name": "Zold"
    },
    {
        "id": 348,
        "f_name": "Maje",
        "l_name": "Kelemen"
    },
    {
        "id": 349,
        "f_name": "Nev",
        "l_name": "Barns"
    },
    {
        "id": 350,
        "f_name": "Rebe",
        "l_name": "O'Spellissey"
    },
    {
        "id": 351,
        "f_name": "Jenilee",
        "l_name": "Stroban"
    },
    {
        "id": 352,
        "f_name": "Amerigo",
        "l_name": "Attenbrough"
    },
    {
        "id": 353,
        "f_name": "Clovis",
        "l_name": "Leare"
    },
    {
        "id": 354,
        "f_name": "Adelaide",
        "l_name": "Yegorkin"
    },
    {
        "id": 355,
        "f_name": "Dwight",
        "l_name": "Sholl"
    },
    {
        "id": 356,
        "f_name": "Etty",
        "l_name": "Moral"
    },
    {
        "id": 357,
        "f_name": "Welsh",
        "l_name": "Hattoe"
    },
    {
        "id": 358,
        "f_name": "Vern",
        "l_name": "Richardin"
    },
    {
        "id": 359,
        "f_name": "Gordie",
        "l_name": "Tanser"
    },
    {
        "id": 360,
        "f_name": "Matthaeus",
        "l_name": "Eustis"
    },
    {
        "id": 361,
        "f_name": "Kayle",
        "l_name": "Rowswell"
    },
    {
        "id": 362,
        "f_name": "Beckie",
        "l_name": "Narramor"
    },
    {
        "id": 363,
        "f_name": "Natasha",
        "l_name": "Comerford"
    },
    {
        "id": 364,
        "f_name": "Bevvy",
        "l_name": "Laytham"
    },
    {
        "id": 365,
        "f_name": "Ruthann",
        "l_name": "Tizard"
    },
    {
        "id": 366,
        "f_name": "Denys",
        "l_name": "Duckers"
    },
    {
        "id": 367,
        "f_name": "Garrick",
        "l_name": "Morphew"
    },
    {
        "id": 368,
        "f_name": "Nana",
        "l_name": "Pleavin"
    },
    {
        "id": 369,
        "f_name": "Brande",
        "l_name": "Grouen"
    },
    {
        "id": 370,
        "f_name": "Caril",
        "l_name": "Giacobo"
    },
    {
        "id": 371,
        "f_name": "Frank",
        "l_name": "Pavie"
    },
    {
        "id": 372,
        "f_name": "Evelina",
        "l_name": "Beeston"
    },
    {
        "id": 373,
        "f_name": "Marna",
        "l_name": "Borland"
    },
    {
        "id": 374,
        "f_name": "Hillard",
        "l_name": "Harnell"
    },
    {
        "id": 375,
        "f_name": "Alyssa",
        "l_name": "Walklett"
    },
    {
        "id": 376,
        "f_name": "Dannie",
        "l_name": "Serraillier"
    },
    {
        "id": 377,
        "f_name": "Anabal",
        "l_name": "Arsmith"
    },
    {
        "id": 378,
        "f_name": "Immanuel",
        "l_name": "Realph"
    },
    {
        "id": 379,
        "f_name": "Maurits",
        "l_name": "Aggio"
    },
    {
        "id": 380,
        "f_name": "Emelen",
        "l_name": "Caps"
    },
    {
        "id": 381,
        "f_name": "Bill",
        "l_name": "Lympenie"
    },
    {
        "id": 382,
        "f_name": "Arly",
        "l_name": "Bysh"
    },
    {
        "id": 383,
        "f_name": "Tandi",
        "l_name": "Zarb"
    },
    {
        "id": 384,
        "f_name": "Ana",
        "l_name": "MacCard"
    },
    {
        "id": 385,
        "f_name": "Augy",
        "l_name": "Frayn"
    },
    {
        "id": 386,
        "f_name": "Hunter",
        "l_name": "Ellam"
    },
    {
        "id": 387,
        "f_name": "Donaugh",
        "l_name": "Lodder"
    },
    {
        "id": 388,
        "f_name": "Siusan",
        "l_name": "Goulden"
    },
    {
        "id": 389,
        "f_name": "Eadmund",
        "l_name": "Fawcus"
    },
    {
        "id": 390,
        "f_name": "Guillemette",
        "l_name": "Bisco"
    },
    {
        "id": 391,
        "f_name": "Alysia",
        "l_name": "Pearse"
    },
    {
        "id": 392,
        "f_name": "Irena",
        "l_name": "Proven"
    },
    {
        "id": 393,
        "f_name": "Murray",
        "l_name": "Rudall"
    },
    {
        "id": 394,
        "f_name": "Wake",
        "l_name": "Fiander"
    },
    {
        "id": 395,
        "f_name": "Mirabella",
        "l_name": "Gratrix"
    },
    {
        "id": 396,
        "f_name": "Gal",
        "l_name": "Drioli"
    },
    {
        "id": 397,
        "f_name": "Ad",
        "l_name": "Creasy"
    },
    {
        "id": 398,
        "f_name": "Milty",
        "l_name": "Hopfer"
    },
    {
        "id": 399,
        "f_name": "Gwendolen",
        "l_name": "Hullah"
    },
    {
        "id": 400,
        "f_name": "Sullivan",
        "l_name": "Wadwell"
    },
    {
        "id": 401,
        "f_name": "Shaina",
        "l_name": "Austwick"
    },
    {
        "id": 402,
        "f_name": "Honoria",
        "l_name": "Fridlington"
    },
    {
        "id": 403,
        "f_name": "Aurthur",
        "l_name": "Kaiser"
    },
    {
        "id": 404,
        "f_name": "Dael",
        "l_name": "Poff"
    },
    {
        "id": 405,
        "f_name": "Ivar",
        "l_name": "Barnewell"
    },
    {
        "id": 406,
        "f_name": "Elisabeth",
        "l_name": "Jore"
    },
    {
        "id": 407,
        "f_name": "Baxter",
        "l_name": "Bovey"
    },
    {
        "id": 408,
        "f_name": "Sydel",
        "l_name": "Yearron"
    },
    {
        "id": 409,
        "f_name": "Byron",
        "l_name": "Worsham"
    },
    {
        "id": 410,
        "f_name": "Pennie",
        "l_name": "Janew"
    },
    {
        "id": 411,
        "f_name": "Hillary",
        "l_name": "Scahill"
    },
    {
        "id": 412,
        "f_name": "Alison",
        "l_name": "Greally"
    },
    {
        "id": 413,
        "f_name": "Lorant",
        "l_name": "Goard"
    },
    {
        "id": 414,
        "f_name": "Rik",
        "l_name": "Klaesson"
    },
    {
        "id": 415,
        "f_name": "Arlee",
        "l_name": "Childe"
    },
    {
        "id": 416,
        "f_name": "Antonin",
        "l_name": "Mordon"
    },
    {
        "id": 417,
        "f_name": "El",
        "l_name": "Mussetti"
    },
    {
        "id": 418,
        "f_name": "Velvet",
        "l_name": "Gebby"
    },
    {
        "id": 419,
        "f_name": "Mackenzie",
        "l_name": "Coursor"
    },
    {
        "id": 420,
        "f_name": "Crissie",
        "l_name": "Oxenbury"
    },
    {
        "id": 421,
        "f_name": "D'arcy",
        "l_name": "Ferreira"
    },
    {
        "id": 422,
        "f_name": "Dugald",
        "l_name": "Parrin"
    },
    {
        "id": 423,
        "f_name": "Evelyn",
        "l_name": "Ondra"
    },
    {
        "id": 424,
        "f_name": "Marcellina",
        "l_name": "Todari"
    },
    {
        "id": 425,
        "f_name": "Reece",
        "l_name": "Jikylls"
    },
    {
        "id": 426,
        "f_name": "Cathee",
        "l_name": "Langley"
    },
    {
        "id": 427,
        "f_name": "Olvan",
        "l_name": "Swafford"
    },
    {
        "id": 428,
        "f_name": "Nancee",
        "l_name": "Segeswoeth"
    },
    {
        "id": 429,
        "f_name": "Arda",
        "l_name": "Vannar"
    },
    {
        "id": 430,
        "f_name": "Celine",
        "l_name": "Abbitt"
    },
    {
        "id": 431,
        "f_name": "Gael",
        "l_name": "Van Oort"
    },
    {
        "id": 432,
        "f_name": "Zonda",
        "l_name": "Jira"
    },
    {
        "id": 433,
        "f_name": "Leanora",
        "l_name": "Hakonsen"
    },
    {
        "id": 434,
        "f_name": "Vaughan",
        "l_name": "Beardshall"
    },
    {
        "id": 435,
        "f_name": "Carolee",
        "l_name": "Gatesman"
    },
    {
        "id": 436,
        "f_name": "Maryl",
        "l_name": "Marcroft"
    },
    {
        "id": 437,
        "f_name": "Neely",
        "l_name": "Dilnot"
    },
    {
        "id": 438,
        "f_name": "Samuel",
        "l_name": "Blondelle"
    },
    {
        "id": 439,
        "f_name": "Zachery",
        "l_name": "Outram"
    },
    {
        "id": 440,
        "f_name": "Stanislaw",
        "l_name": "Kinnard"
    },
    {
        "id": 441,
        "f_name": "Floyd",
        "l_name": "Kisby"
    },
    {
        "id": 442,
        "f_name": "Bryanty",
        "l_name": "Caistor"
    },
    {
        "id": 443,
        "f_name": "Carlos",
        "l_name": "Dadley"
    },
    {
        "id": 444,
        "f_name": "Barron",
        "l_name": "Tuhy"
    },
    {
        "id": 445,
        "f_name": "Rebekah",
        "l_name": "Ralling"
    },
    {
        "id": 446,
        "f_name": "Bibi",
        "l_name": "Sarginson"
    },
    {
        "id": 447,
        "f_name": "Andonis",
        "l_name": "Ondrousek"
    },
    {
        "id": 448,
        "f_name": "Orelee",
        "l_name": "Swetenham"
    },
    {
        "id": 449,
        "f_name": "Milt",
        "l_name": "Giraudy"
    },
    {
        "id": 450,
        "f_name": "Jone",
        "l_name": "Shevlin"
    },
    {
        "id": 451,
        "f_name": "Elisabetta",
        "l_name": "Worwood"
    },
    {
        "id": 452,
        "f_name": "Eulalie",
        "l_name": "Bickerdyke"
    },
    {
        "id": 453,
        "f_name": "Grover",
        "l_name": "Lattey"
    },
    {
        "id": 454,
        "f_name": "Wheeler",
        "l_name": "Marquez"
    },
    {
        "id": 455,
        "f_name": "Celestine",
        "l_name": "Fairfoul"
    },
    {
        "id": 456,
        "f_name": "Ikey",
        "l_name": "Kliner"
    },
    {
        "id": 457,
        "f_name": "Shandra",
        "l_name": "Rickeard"
    },
    {
        "id": 458,
        "f_name": "Betteanne",
        "l_name": "Bramstom"
    },
    {
        "id": 459,
        "f_name": "Brandice",
        "l_name": "Goodbanne"
    },
    {
        "id": 460,
        "f_name": "Olimpia",
        "l_name": "Hiner"
    },
    {
        "id": 461,
        "f_name": "Nerissa",
        "l_name": "Spry"
    },
    {
        "id": 462,
        "f_name": "Jard",
        "l_name": "Potter"
    },
    {
        "id": 463,
        "f_name": "Yolanda",
        "l_name": "MacKnocker"
    },
    {
        "id": 464,
        "f_name": "Elinor",
        "l_name": "Mawson"
    },
    {
        "id": 465,
        "f_name": "Honor",
        "l_name": "Shera"
    },
    {
        "id": 466,
        "f_name": "Geralda",
        "l_name": "MacTeggart"
    },
    {
        "id": 467,
        "f_name": "Andria",
        "l_name": "Vibert"
    },
    {
        "id": 468,
        "f_name": "Siana",
        "l_name": "Raitie"
    },
    {
        "id": 469,
        "f_name": "Rakel",
        "l_name": "Artis"
    },
    {
        "id": 470,
        "f_name": "Kory",
        "l_name": "McGrouther"
    },
    {
        "id": 471,
        "f_name": "Karine",
        "l_name": "Lackeye"
    },
    {
        "id": 472,
        "f_name": "Moina",
        "l_name": "Boddam"
    },
    {
        "id": 473,
        "f_name": "Margarita",
        "l_name": "Elflain"
    },
    {
        "id": 474,
        "f_name": "Aime",
        "l_name": "Riceards"
    },
    {
        "id": 475,
        "f_name": "Jeddy",
        "l_name": "Escalero"
    },
    {
        "id": 476,
        "f_name": "Ginevra",
        "l_name": "Erb"
    },
    {
        "id": 477,
        "f_name": "Benedetto",
        "l_name": "Behneke"
    },
    {
        "id": 478,
        "f_name": "Sanders",
        "l_name": "Livesey"
    },
    {
        "id": 479,
        "f_name": "Garrek",
        "l_name": "Uden"
    },
    {
        "id": 480,
        "f_name": "Josias",
        "l_name": "Habgood"
    },
    {
        "id": 481,
        "f_name": "Gamaliel",
        "l_name": "Hayworth"
    },
    {
        "id": 482,
        "f_name": "Hamilton",
        "l_name": "Storrs"
    },
    {
        "id": 483,
        "f_name": "Geoffrey",
        "l_name": "Hawksley"
    },
    {
        "id": 484,
        "f_name": "Nollie",
        "l_name": "Duffield"
    },
    {
        "id": 485,
        "f_name": "Adelaide",
        "l_name": "Sallnow"
    },
    {
        "id": 486,
        "f_name": "Joletta",
        "l_name": "Cleeton"
    },
    {
        "id": 487,
        "f_name": "Lynn",
        "l_name": "Franseco"
    },
    {
        "id": 488,
        "f_name": "Nev",
        "l_name": "Moatt"
    },
    {
        "id": 489,
        "f_name": "Milly",
        "l_name": "Pooke"
    },
    {
        "id": 490,
        "f_name": "Clayborne",
        "l_name": "Heineken"
    },
    {
        "id": 491,
        "f_name": "Sal",
        "l_name": "Hargroves"
    },
    {
        "id": 492,
        "f_name": "Karie",
        "l_name": "Fowle"
    },
    {
        "id": 493,
        "f_name": "Galen",
        "l_name": "Kippin"
    },
    {
        "id": 494,
        "f_name": "Nikolos",
        "l_name": "Deeming"
    },
    {
        "id": 495,
        "f_name": "Jeno",
        "l_name": "Malpass"
    },
    {
        "id": 496,
        "f_name": "Modesty",
        "l_name": "Jeandillou"
    },
    {
        "id": 497,
        "f_name": "Adair",
        "l_name": "Arnould"
    },
    {
        "id": 498,
        "f_name": "Hershel",
        "l_name": "Wroath"
    },
    {
        "id": 499,
        "f_name": "Valeda",
        "l_name": "Heymes"
    },
    {
        "id": 500,
        "f_name": "Nev",
        "l_name": "Gotcliffe"
    }
]