[{"id":1,"first_name":"Baxy","last_name":"Bunn","gender":"Male","age":18,"email":"bbunn0@phpbb.com","year_study":1},
{"id":2,"first_name":"Alida","last_name":"Lebrun","gender":"Female","age":27,"email":"alebrun1@pinterest.com","year_study":2},
{"id":3,"first_name":"Dillie","last_name":"Orton","gender":"Male","age":28,"email":"dorton2@yandex.ru","year_study":2},
{"id":4,"first_name":"Hillel","last_name":"Wimmer","gender":"Male","age":22,"email":"hwimmer3@rakuten.co.jp","year_study":1},
{"id":5,"first_name":"Gale","last_name":"Geraghty","gender":"Male","age":23,"email":"ggeraghty4@illinois.edu","year_study":2},
{"id":6,"first_name":"Nigel","last_name":"Conry","gender":"Male","age":27,"email":"nconry5@ebay.com","year_study":3},
{"id":7,"first_name":"Nerty","last_name":"Gentil","gender":"Female","age":21,"email":"ngentil6@washington.edu","year_study":3},
{"id":8,"first_name":"Anders","last_name":"Flewett","gender":"Male","age":25,"email":"aflewett7@homestead.com","year_study":2},
{"id":9,"first_name":"Rolph","last_name":"Gates","gender":"Male","age":21,"email":"rgates8@chron.com","year_study":2},
{"id":10,"first_name":"Tandi","last_name":"Pegrum","gender":"Non-binary","age":20,"email":"tpegrum9@xinhuanet.com","year_study":2},
{"id":11,"first_name":"Ebonee","last_name":"Negus","gender":"Female","age":22,"email":"enegusa@creativecommons.org","year_study":3},
{"id":12,"first_name":"Freedman","last_name":"Sanders","gender":"Genderfluid","age":25,"email":"fsandersb@usgs.gov","year_study":1},
{"id":13,"first_name":"Maisie","last_name":"Ferrea","gender":"Female","age":26,"email":"mferreac@sciencedirect.com","year_study":1},
{"id":14,"first_name":"Auberon","last_name":"Tremaine","gender":"Male","age":23,"email":"atremained@smugmug.com","year_study":2},
{"id":15,"first_name":"Kristian","last_name":"Cearley","gender":"Male","age":21,"email":"kcearleye@a8.net","year_study":2},
{"id":16,"first_name":"Ofelia","last_name":"Raggitt","gender":"Female","age":26,"email":"oraggittf@blog.com","year_study":3},
{"id":17,"first_name":"Krisha","last_name":"Muldowney","gender":"Male","age":22,"email":"kmuldowneyg@webmd.com","year_study":3},
{"id":18,"first_name":"Kally","last_name":"Beesey","gender":"Female","age":26,"email":"kbeeseyh@bloglovin.com","year_study":1},
{"id":19,"first_name":"Edward","last_name":"Spirit","gender":"Agender","age":22,"email":"espiriti@cmu.edu","year_study":3},
{"id":20,"first_name":"Emmie","last_name":"Doig","gender":"Female","age":24,"email":"edoigj@blogtalkradio.com","year_study":1},
{"id":21,"first_name":"Allin","last_name":"Yukhin","gender":"Male","age":27,"email":"ayukhink@51.la","year_study":1},
{"id":22,"first_name":"Belle","last_name":"Thacke","gender":"Female","age":30,"email":"bthackel@utexas.edu","year_study":2},
{"id":23,"first_name":"Jerrilyn","last_name":"Obin","gender":"Female","age":27,"email":"jobinm@craigslist.org","year_study":3},
{"id":24,"first_name":"Kilian","last_name":"Kopman","gender":"Male","age":23,"email":"kkopmann@marriott.com","year_study":2},
{"id":25,"first_name":"Blaire","last_name":"Andersson","gender":"Female","age":29,"email":"banderssono@amazon.co.uk","year_study":2},
{"id":26,"first_name":"Ryan","last_name":"Heskey","gender":"Male","age":20,"email":"rheskeyp@freewebs.com","year_study":2},
{"id":27,"first_name":"Arther","last_name":"Wadeling","gender":"Male","age":24,"email":"awadelingq@theatlantic.com","year_study":1},
{"id":28,"first_name":"Bordie","last_name":"Hurdman","gender":"Male","age":22,"email":"bhurdmanr@godaddy.com","year_study":1},
{"id":29,"first_name":"Suzi","last_name":"Thorndale","gender":"Female","age":30,"email":"sthorndales@webmd.com","year_study":3},
{"id":30,"first_name":"Emile","last_name":"Demanche","gender":"Male","age":29,"email":"edemanchet@mediafire.com","year_study":3},
{"id":31,"first_name":"Thomasina","last_name":"Valente","gender":"Genderfluid","age":26,"email":"tvalenteu@indiatimes.com","year_study":2},
{"id":32,"first_name":"Valerye","last_name":"Amyes","gender":"Female","age":25,"email":"vamyesv@rediff.com","year_study":3},
{"id":33,"first_name":"Eyde","last_name":"Keighley","gender":"Female","age":19,"email":"ekeighleyw@apple.com","year_study":3},
{"id":34,"first_name":"Erminie","last_name":"Carlone","gender":"Female","age":21,"email":"ecarlonex@blogspot.com","year_study":3},
{"id":35,"first_name":"Gaelan","last_name":"Dorset","gender":"Male","age":27,"email":"gdorsety@ted.com","year_study":1},
{"id":36,"first_name":"Tabbitha","last_name":"Dwelly","gender":"Female","age":18,"email":"tdwellyz@blog.com","year_study":2},
{"id":37,"first_name":"Courtney","last_name":"Newband","gender":"Female","age":21,"email":"cnewband10@hc360.com","year_study":1},
{"id":38,"first_name":"Antonia","last_name":"Antognazzi","gender":"Female","age":29,"email":"aantognazzi11@nps.gov","year_study":2},
{"id":39,"first_name":"Colene","last_name":"Zini","gender":"Female","age":25,"email":"czini12@washington.edu","year_study":3},
{"id":40,"first_name":"Meris","last_name":"Eivers","gender":"Genderqueer","age":20,"email":"meivers13@miitbeian.gov.cn","year_study":2},
{"id":41,"first_name":"Bobby","last_name":"Stife","gender":"Male","age":28,"email":"bstife14@blinklist.com","year_study":1},
{"id":42,"first_name":"Rivi","last_name":"De Paepe","gender":"Female","age":25,"email":"rdepaepe15@ucla.edu","year_study":1},
{"id":43,"first_name":"Krisha","last_name":"Lamprey","gender":"Male","age":21,"email":"klamprey16@guardian.co.uk","year_study":2},
{"id":44,"first_name":"Lanni","last_name":"MacClay","gender":"Female","age":20,"email":"lmacclay17@bbb.org","year_study":1},
{"id":45,"first_name":"Richmond","last_name":"Douce","gender":"Male","age":24,"email":"rdouce18@dmoz.org","year_study":2},
{"id":46,"first_name":"Salomi","last_name":"Stiant","gender":"Female","age":26,"email":"sstiant19@nsw.gov.au","year_study":1},
{"id":47,"first_name":"Cozmo","last_name":"Minigo","gender":"Male","age":19,"email":"cminigo1a@eepurl.com","year_study":1},
{"id":48,"first_name":"Huey","last_name":"Dougary","gender":"Male","age":26,"email":"hdougary1b@sakura.ne.jp","year_study":1},
{"id":49,"first_name":"Reider","last_name":"Cadore","gender":"Male","age":20,"email":"rcadore1c@last.fm","year_study":3},
{"id":50,"first_name":"Tyrone","last_name":"Whitsey","gender":"Male","age":30,"email":"twhitsey1d@booking.com","year_study":1},
{"id":51,"first_name":"Zsazsa","last_name":"Colyer","gender":"Female","age":18,"email":"zcolyer1e@elegantthemes.com","year_study":1},
{"id":52,"first_name":"Anders","last_name":"Staziker","gender":"Male","age":30,"email":"astaziker1f@smh.com.au","year_study":2},
{"id":53,"first_name":"Joseph","last_name":"Grant","gender":"Male","age":24,"email":"jgrant1g@aol.com","year_study":2},
{"id":54,"first_name":"Wadsworth","last_name":"Kassidy","gender":"Non-binary","age":24,"email":"wkassidy1h@slashdot.org","year_study":2},
{"id":55,"first_name":"Clarine","last_name":"Kelwaybamber","gender":"Female","age":30,"email":"ckelwaybamber1i@eventbrite.com","year_study":2},
{"id":56,"first_name":"Timothea","last_name":"Pittford","gender":"Female","age":19,"email":"tpittford1j@drupal.org","year_study":3},
{"id":57,"first_name":"Margie","last_name":"Holdin","gender":"Female","age":29,"email":"mholdin1k@plala.or.jp","year_study":2},
{"id":58,"first_name":"Aharon","last_name":"Andreazzi","gender":"Male","age":29,"email":"aandreazzi1l@xinhuanet.com","year_study":2},
{"id":59,"first_name":"Charlean","last_name":"Yesenev","gender":"Female","age":29,"email":"cyesenev1m@joomla.org","year_study":1},
{"id":60,"first_name":"Alina","last_name":"Laurentino","gender":"Female","age":18,"email":"alaurentino1n@cyberchimps.com","year_study":1},
{"id":61,"first_name":"Cosmo","last_name":"McCarter","gender":"Male","age":20,"email":"cmccarter1o@un.org","year_study":1},
{"id":62,"first_name":"Trula","last_name":"De Benedictis","gender":"Female","age":23,"email":"tdebenedictis1p@census.gov","year_study":1},
{"id":63,"first_name":"Whitney","last_name":"Wrefford","gender":"Female","age":18,"email":"wwrefford1q@squidoo.com","year_study":2},
{"id":64,"first_name":"Abramo","last_name":"Souten","gender":"Male","age":21,"email":"asouten1r@wiley.com","year_study":2},
{"id":65,"first_name":"Richmound","last_name":"Domek","gender":"Male","age":23,"email":"rdomek1s@engadget.com","year_study":1},
{"id":66,"first_name":"Justin","last_name":"Axby","gender":"Male","age":29,"email":"jaxby1t@freewebs.com","year_study":1},
{"id":67,"first_name":"Kelvin","last_name":"Curran","gender":"Male","age":22,"email":"kcurran1u@discovery.com","year_study":2},
{"id":68,"first_name":"Timotheus","last_name":"Oiller","gender":"Male","age":24,"email":"toiller1v@who.int","year_study":3},
{"id":69,"first_name":"Louie","last_name":"Scotchford","gender":"Bigender","age":30,"email":"lscotchford1w@gov.uk","year_study":2},
{"id":70,"first_name":"Berni","last_name":"Aspall","gender":"Female","age":28,"email":"baspall1x@ameblo.jp","year_study":3},
{"id":71,"first_name":"Freda","last_name":"Valois","gender":"Polygender","age":25,"email":"fvalois1y@infoseek.co.jp","year_study":3},
{"id":72,"first_name":"Nickolas","last_name":"Kellard","gender":"Male","age":18,"email":"nkellard1z@digg.com","year_study":3},
{"id":73,"first_name":"Sindee","last_name":"Cornfoot","gender":"Female","age":26,"email":"scornfoot20@businessinsider.com","year_study":2},
{"id":74,"first_name":"Henka","last_name":"Kevis","gender":"Female","age":26,"email":"hkevis21@fastcompany.com","year_study":1},
{"id":75,"first_name":"Marjorie","last_name":"Sweet","gender":"Female","age":19,"email":"msweet22@twitpic.com","year_study":2},
{"id":76,"first_name":"Dallon","last_name":"Stable","gender":"Male","age":18,"email":"dstable23@cargocollective.com","year_study":1},
{"id":77,"first_name":"Genna","last_name":"Sinney","gender":"Female","age":22,"email":"gsinney24@amazon.co.jp","year_study":1},
{"id":78,"first_name":"Danette","last_name":"Curtis","gender":"Female","age":28,"email":"dcurtis25@privacy.gov.au","year_study":2},
{"id":79,"first_name":"Wit","last_name":"Pymer","gender":"Male","age":30,"email":"wpymer26@hostgator.com","year_study":2},
{"id":80,"first_name":"Ilysa","last_name":"Archibald","gender":"Female","age":22,"email":"iarchibald27@theguardian.com","year_study":2},
{"id":81,"first_name":"Rollo","last_name":"Labat","gender":"Male","age":23,"email":"rlabat28@walmart.com","year_study":1},
{"id":82,"first_name":"Valina","last_name":"Flohard","gender":"Female","age":24,"email":"vflohard29@arizona.edu","year_study":2},
{"id":83,"first_name":"Amil","last_name":"Kenewel","gender":"Female","age":22,"email":"akenewel2a@symantec.com","year_study":2},
{"id":84,"first_name":"Danit","last_name":"Boggs","gender":"Female","age":19,"email":"dboggs2b@youtu.be","year_study":1},
{"id":85,"first_name":"Marcel","last_name":"Ewell","gender":"Male","age":29,"email":"mewell2c@360.cn","year_study":2},
{"id":86,"first_name":"Cirillo","last_name":"Cousins","gender":"Male","age":19,"email":"ccousins2d@delicious.com","year_study":3},
{"id":87,"first_name":"Geoffry","last_name":"Sedgebeer","gender":"Male","age":24,"email":"gsedgebeer2e@angelfire.com","year_study":1},
{"id":88,"first_name":"Tobiah","last_name":"Valentinetti","gender":"Male","age":28,"email":"tvalentinetti2f@fc2.com","year_study":2},
{"id":89,"first_name":"Orton","last_name":"Kearford","gender":"Male","age":29,"email":"okearford2g@guardian.co.uk","year_study":2},
{"id":90,"first_name":"Heather","last_name":"Ends","gender":"Female","age":21,"email":"hends2h@photobucket.com","year_study":1},
{"id":91,"first_name":"Ashbey","last_name":"Van Driel","gender":"Male","age":29,"email":"avandriel2i@bing.com","year_study":1},
{"id":92,"first_name":"Ula","last_name":"Kobiela","gender":"Agender","age":29,"email":"ukobiela2j@instagram.com","year_study":2},
{"id":93,"first_name":"Neddy","last_name":"Laboune","gender":"Male","age":23,"email":"nlaboune2k@jimdo.com","year_study":3},
{"id":94,"first_name":"Tonnie","last_name":"Gwalter","gender":"Male","age":18,"email":"tgwalter2l@cbsnews.com","year_study":3},
{"id":95,"first_name":"Chloris","last_name":"Lintill","gender":"Female","age":20,"email":"clintill2m@mozilla.com","year_study":3},
{"id":96,"first_name":"Rosemary","last_name":"Longmore","gender":"Female","age":26,"email":"rlongmore2n@spiegel.de","year_study":1},
{"id":97,"first_name":"Avrit","last_name":"O'Sheeryne","gender":"Female","age":22,"email":"aosheeryne2o@unc.edu","year_study":2},
{"id":98,"first_name":"Briney","last_name":"Mustoo","gender":"Female","age":18,"email":"bmustoo2p@oracle.com","year_study":3},
{"id":99,"first_name":"Lenna","last_name":"Escalera","gender":"Female","age":18,"email":"lescalera2q@amazon.de","year_study":3},
{"id":100,"first_name":"Conrade","last_name":"Southwood","gender":"Male","age":22,"email":"csouthwood2r@vk.com","year_study":3},
{"id":101,"first_name":"Teodoro","last_name":"Nelane","gender":"Male","age":22,"email":"tnelane2s@de.vu","year_study":2},
{"id":102,"first_name":"Cacilia","last_name":"Huyge","gender":"Female","age":18,"email":"chuyge2t@mashable.com","year_study":1},
{"id":103,"first_name":"Falkner","last_name":"Walter","gender":"Male","age":23,"email":"fwalter2u@wordpress.com","year_study":2},
{"id":104,"first_name":"Hartley","last_name":"Karpol","gender":"Male","age":27,"email":"hkarpol2v@nasa.gov","year_study":3},
{"id":105,"first_name":"Loren","last_name":"Lishmund","gender":"Male","age":29,"email":"llishmund2w@seesaa.net","year_study":2},
{"id":106,"first_name":"Morey","last_name":"Temby","gender":"Male","age":24,"email":"mtemby2x@home.pl","year_study":2},
{"id":107,"first_name":"Gwendolen","last_name":"Salvatore","gender":"Female","age":24,"email":"gsalvatore2y@independent.co.uk","year_study":2},
{"id":108,"first_name":"Emelyne","last_name":"Doey","gender":"Genderfluid","age":30,"email":"edoey2z@1688.com","year_study":3},
{"id":109,"first_name":"Cooper","last_name":"Tandey","gender":"Male","age":18,"email":"ctandey30@eventbrite.com","year_study":3},
{"id":110,"first_name":"Freeman","last_name":"Spraging","gender":"Male","age":28,"email":"fspraging31@i2i.jp","year_study":2},
{"id":111,"first_name":"Ki","last_name":"Dearle","gender":"Female","age":30,"email":"kdearle32@upenn.edu","year_study":3},
{"id":112,"first_name":"Lisbeth","last_name":"Dougary","gender":"Female","age":23,"email":"ldougary33@nifty.com","year_study":3},
{"id":113,"first_name":"Miguelita","last_name":"Blakeborough","gender":"Female","age":25,"email":"mblakeborough34@ask.com","year_study":2},
{"id":114,"first_name":"Haley","last_name":"Pauwel","gender":"Male","age":22,"email":"hpauwel35@baidu.com","year_study":1},
{"id":115,"first_name":"Charissa","last_name":"Cresswell","gender":"Genderqueer","age":26,"email":"ccresswell36@ted.com","year_study":3},
{"id":116,"first_name":"Scarlet","last_name":"Dampier","gender":"Female","age":23,"email":"sdampier37@example.com","year_study":3},
{"id":117,"first_name":"Danny","last_name":"Syphas","gender":"Male","age":23,"email":"dsyphas38@digg.com","year_study":1},
{"id":118,"first_name":"Sheffy","last_name":"La Torre","gender":"Genderqueer","age":23,"email":"slatorre39@spiegel.de","year_study":1},
{"id":119,"first_name":"Feodora","last_name":"Goaley","gender":"Female","age":19,"email":"fgoaley3a@blog.com","year_study":3},
{"id":120,"first_name":"Myrtia","last_name":"Alfwy","gender":"Female","age":21,"email":"malfwy3b@samsung.com","year_study":1},
{"id":121,"first_name":"Dunstan","last_name":"Caccavale","gender":"Male","age":27,"email":"dcaccavale3c@java.com","year_study":3},
{"id":122,"first_name":"Anthe","last_name":"Jaffray","gender":"Female","age":28,"email":"ajaffray3d@who.int","year_study":3},
{"id":123,"first_name":"Herby","last_name":"Eskriett","gender":"Bigender","age":23,"email":"heskriett3e@newsvine.com","year_study":1},
{"id":124,"first_name":"Elinore","last_name":"Bales","gender":"Female","age":20,"email":"ebales3f@issuu.com","year_study":3},
{"id":125,"first_name":"Gareth","last_name":"Comben","gender":"Male","age":21,"email":"gcomben3g@unblog.fr","year_study":1},
{"id":126,"first_name":"Gail","last_name":"Domengue","gender":"Agender","age":23,"email":"gdomengue3h@homestead.com","year_study":1},
{"id":127,"first_name":"Stevana","last_name":"Olwen","gender":"Female","age":22,"email":"solwen3i@vinaora.com","year_study":3},
{"id":128,"first_name":"Elihu","last_name":"Biddles","gender":"Male","age":27,"email":"ebiddles3j@spiegel.de","year_study":1},
{"id":129,"first_name":"Briny","last_name":"Pawelek","gender":"Female","age":28,"email":"bpawelek3k@lycos.com","year_study":1},
{"id":130,"first_name":"Catie","last_name":"Cuningham","gender":"Female","age":23,"email":"ccuningham3l@vimeo.com","year_study":2},
{"id":131,"first_name":"Beatrice","last_name":"Moyse","gender":"Female","age":18,"email":"bmoyse3m@macromedia.com","year_study":2},
{"id":132,"first_name":"Warden","last_name":"Parkes","gender":"Male","age":22,"email":"wparkes3n@amazon.co.uk","year_study":2},
{"id":133,"first_name":"Nappy","last_name":"Stratz","gender":"Male","age":18,"email":"nstratz3o@delicious.com","year_study":3},
{"id":134,"first_name":"Dennie","last_name":"Ivanichev","gender":"Female","age":18,"email":"divanichev3p@boston.com","year_study":2},
{"id":135,"first_name":"Anderson","last_name":"Prandoni","gender":"Male","age":28,"email":"aprandoni3q@purevolume.com","year_study":2},
{"id":136,"first_name":"Boote","last_name":"Alesio","gender":"Male","age":29,"email":"balesio3r@blogger.com","year_study":3},
{"id":137,"first_name":"Vitoria","last_name":"Everest","gender":"Female","age":30,"email":"veverest3s@upenn.edu","year_study":1},
{"id":138,"first_name":"Theodoric","last_name":"Sangwine","gender":"Male","age":19,"email":"tsangwine3t@webs.com","year_study":1},
{"id":139,"first_name":"Alfonso","last_name":"Cornils","gender":"Male","age":21,"email":"acornils3u@fc2.com","year_study":3},
{"id":140,"first_name":"Bobette","last_name":"Fawdrey","gender":"Female","age":29,"email":"bfawdrey3v@washingtonpost.com","year_study":3},
{"id":141,"first_name":"Hestia","last_name":"Ferres","gender":"Female","age":21,"email":"hferres3w@barnesandnoble.com","year_study":1},
{"id":142,"first_name":"Gustavus","last_name":"Yeowell","gender":"Male","age":19,"email":"gyeowell3x@tuttocitta.it","year_study":1},
{"id":143,"first_name":"Devin","last_name":"Julien","gender":"Male","age":27,"email":"djulien3y@mlb.com","year_study":3},
{"id":144,"first_name":"Britney","last_name":"Mewrcik","gender":"Female","age":30,"email":"bmewrcik3z@macromedia.com","year_study":3},
{"id":145,"first_name":"Yoshiko","last_name":"Donnersberg","gender":"Female","age":29,"email":"ydonnersberg40@tripod.com","year_study":1},
{"id":146,"first_name":"Theo","last_name":"Tugwell","gender":"Male","age":29,"email":"ttugwell41@time.com","year_study":3},
{"id":147,"first_name":"Kincaid","last_name":"Hurn","gender":"Male","age":24,"email":"khurn42@scribd.com","year_study":3},
{"id":148,"first_name":"Sloan","last_name":"Lie","gender":"Male","age":23,"email":"slie43@nba.com","year_study":3},
{"id":149,"first_name":"Xylina","last_name":"Wignall","gender":"Female","age":29,"email":"xwignall44@ucsd.edu","year_study":1},
{"id":150,"first_name":"Xever","last_name":"Clooney","gender":"Male","age":20,"email":"xclooney45@wikispaces.com","year_study":1},
{"id":151,"first_name":"Latia","last_name":"Greedy","gender":"Female","age":25,"email":"lgreedy46@icio.us","year_study":3},
{"id":152,"first_name":"Cacilie","last_name":"Pordal","gender":"Female","age":24,"email":"cpordal47@booking.com","year_study":2},
{"id":153,"first_name":"Casar","last_name":"Scawen","gender":"Male","age":20,"email":"cscawen48@ucoz.ru","year_study":1},
{"id":154,"first_name":"Chaim","last_name":"Ricco","gender":"Male","age":24,"email":"cricco49@eventbrite.com","year_study":2},
{"id":155,"first_name":"Harold","last_name":"Attack","gender":"Male","age":28,"email":"hattack4a@nasa.gov","year_study":3},
{"id":156,"first_name":"Ralf","last_name":"Killelea","gender":"Male","age":28,"email":"rkillelea4b@arizona.edu","year_study":1},
{"id":157,"first_name":"Vivian","last_name":"Nelthrop","gender":"Female","age":21,"email":"vnelthrop4c@live.com","year_study":1},
{"id":158,"first_name":"Hanan","last_name":"Letham","gender":"Male","age":20,"email":"hletham4d@usgs.gov","year_study":1},
{"id":159,"first_name":"Perceval","last_name":"Hallt","gender":"Male","age":26,"email":"phallt4e@ning.com","year_study":2},
{"id":160,"first_name":"Marna","last_name":"Strathdee","gender":"Female","age":21,"email":"mstrathdee4f@dmoz.org","year_study":3},
{"id":161,"first_name":"Dehlia","last_name":"Lambin","gender":"Female","age":25,"email":"dlambin4g@qq.com","year_study":2},
{"id":162,"first_name":"Ethelda","last_name":"Barff","gender":"Female","age":26,"email":"ebarff4h@google.cn","year_study":1},
{"id":163,"first_name":"Bernie","last_name":"Henzer","gender":"Non-binary","age":28,"email":"bhenzer4i@1688.com","year_study":1},
{"id":164,"first_name":"Natalie","last_name":"Tash","gender":"Female","age":27,"email":"ntash4j@altervista.org","year_study":1},
{"id":165,"first_name":"Rudolph","last_name":"Pristnor","gender":"Male","age":27,"email":"rpristnor4k@google.com.hk","year_study":2},
{"id":166,"first_name":"Benn","last_name":"Addison","gender":"Male","age":22,"email":"baddison4l@dailymail.co.uk","year_study":2},
{"id":167,"first_name":"Cordula","last_name":"Bocking","gender":"Female","age":26,"email":"cbocking4m@disqus.com","year_study":1},
{"id":168,"first_name":"Lizbeth","last_name":"Manford","gender":"Female","age":25,"email":"lmanford4n@nature.com","year_study":3},
{"id":169,"first_name":"Saxe","last_name":"Wedlock","gender":"Male","age":18,"email":"swedlock4o@networksolutions.com","year_study":1},
{"id":170,"first_name":"Waverly","last_name":"Brik","gender":"Male","age":19,"email":"wbrik4p@icq.com","year_study":1},
{"id":171,"first_name":"Harris","last_name":"Holehouse","gender":"Male","age":20,"email":"hholehouse4q@hao123.com","year_study":2},
{"id":172,"first_name":"Farris","last_name":"Blasius","gender":"Male","age":26,"email":"fblasius4r@typepad.com","year_study":1},
{"id":173,"first_name":"Galvan","last_name":"Stollsteiner","gender":"Male","age":21,"email":"gstollsteiner4s@cnn.com","year_study":3},
{"id":174,"first_name":"Si","last_name":"Matzel","gender":"Male","age":18,"email":"smatzel4t@illinois.edu","year_study":1},
{"id":175,"first_name":"Elbertine","last_name":"Curry","gender":"Female","age":29,"email":"ecurry4u@jimdo.com","year_study":2},
{"id":176,"first_name":"Nadean","last_name":"Durn","gender":"Female","age":30,"email":"ndurn4v@army.mil","year_study":1},
{"id":177,"first_name":"Virginie","last_name":"Dunmore","gender":"Female","age":30,"email":"vdunmore4w@mac.com","year_study":3},
{"id":178,"first_name":"Verine","last_name":"Massingham","gender":"Female","age":20,"email":"vmassingham4x@hubpages.com","year_study":1},
{"id":179,"first_name":"Winny","last_name":"Spilisy","gender":"Female","age":26,"email":"wspilisy4y@thetimes.co.uk","year_study":2},
{"id":180,"first_name":"Cazzie","last_name":"Loos","gender":"Male","age":26,"email":"cloos4z@pinterest.com","year_study":1},
{"id":181,"first_name":"Pauletta","last_name":"Edmans","gender":"Female","age":23,"email":"pedmans50@kickstarter.com","year_study":1},
{"id":182,"first_name":"Lindsey","last_name":"McCord","gender":"Female","age":23,"email":"lmccord51@drupal.org","year_study":3},
{"id":183,"first_name":"Milton","last_name":"Spikins","gender":"Male","age":24,"email":"mspikins52@godaddy.com","year_study":3},
{"id":184,"first_name":"Korrie","last_name":"Haggar","gender":"Female","age":18,"email":"khaggar53@telegraph.co.uk","year_study":1},
{"id":185,"first_name":"Claudetta","last_name":"Woolpert","gender":"Female","age":19,"email":"cwoolpert54@prlog.org","year_study":2},
{"id":186,"first_name":"Ravid","last_name":"Gedney","gender":"Male","age":27,"email":"rgedney55@naver.com","year_study":1},
{"id":187,"first_name":"Lyndy","last_name":"Draisey","gender":"Female","age":29,"email":"ldraisey56@cornell.edu","year_study":1},
{"id":188,"first_name":"Web","last_name":"Ranyell","gender":"Male","age":27,"email":"wranyell57@wisc.edu","year_study":3},
{"id":189,"first_name":"Johan","last_name":"Bummfrey","gender":"Male","age":22,"email":"jbummfrey58@yelp.com","year_study":1},
{"id":190,"first_name":"Sergio","last_name":"Gyford","gender":"Male","age":20,"email":"sgyford59@businessweek.com","year_study":1},
{"id":191,"first_name":"Corene","last_name":"Cabbell","gender":"Female","age":28,"email":"ccabbell5a@spotify.com","year_study":2},
{"id":192,"first_name":"Maximilian","last_name":"Curdell","gender":"Male","age":25,"email":"mcurdell5b@umich.edu","year_study":2},
{"id":193,"first_name":"Virgie","last_name":"Gambell","gender":"Genderfluid","age":21,"email":"vgambell5c@epa.gov","year_study":1},
{"id":194,"first_name":"Kendall","last_name":"Fillis","gender":"Male","age":20,"email":"kfillis5d@cocolog-nifty.com","year_study":1},
{"id":195,"first_name":"Duncan","last_name":"Chafney","gender":"Male","age":23,"email":"dchafney5e@ftc.gov","year_study":3},
{"id":196,"first_name":"Laryssa","last_name":"Sorrill","gender":"Polygender","age":22,"email":"lsorrill5f@intel.com","year_study":3},
{"id":197,"first_name":"Faina","last_name":"Sheaf","gender":"Female","age":30,"email":"fsheaf5g@dmoz.org","year_study":1},
{"id":198,"first_name":"Wes","last_name":"Astlett","gender":"Male","age":20,"email":"wastlett5h@bbc.co.uk","year_study":3},
{"id":199,"first_name":"Berkeley","last_name":"Rozycki","gender":"Male","age":24,"email":"brozycki5i@youtu.be","year_study":1},
{"id":200,"first_name":"Conrade","last_name":"Kent","gender":"Male","age":29,"email":"ckent5j@xrea.com","year_study":3},
{"id":201,"first_name":"Jillian","last_name":"D'Alesio","gender":"Female","age":19,"email":"jdalesio5k@examiner.com","year_study":2},
{"id":202,"first_name":"Nicolina","last_name":"Bener","gender":"Female","age":18,"email":"nbener5l@cbc.ca","year_study":1},
{"id":203,"first_name":"Tobye","last_name":"Masselin","gender":"Female","age":19,"email":"tmasselin5m@scientificamerican.com","year_study":3},
{"id":204,"first_name":"Cloris","last_name":"Jarmain","gender":"Female","age":27,"email":"cjarmain5n@berkeley.edu","year_study":1},
{"id":205,"first_name":"Danella","last_name":"Bradick","gender":"Female","age":28,"email":"dbradick5o@cbsnews.com","year_study":1},
{"id":206,"first_name":"Alikee","last_name":"Lilly","gender":"Female","age":21,"email":"alilly5p@umn.edu","year_study":1},
{"id":207,"first_name":"Lorettalorna","last_name":"Korda","gender":"Female","age":27,"email":"lkorda5q@oakley.com","year_study":2},
{"id":208,"first_name":"Daisi","last_name":"Cantillion","gender":"Female","age":18,"email":"dcantillion5r@home.pl","year_study":3},
{"id":209,"first_name":"Tiebout","last_name":"Whiscard","gender":"Male","age":23,"email":"twhiscard5s@nbcnews.com","year_study":2},
{"id":210,"first_name":"Babs","last_name":"Commucci","gender":"Female","age":23,"email":"bcommucci5t@360.cn","year_study":3},
{"id":211,"first_name":"Aksel","last_name":"Smeath","gender":"Male","age":18,"email":"asmeath5u@ucla.edu","year_study":1},
{"id":212,"first_name":"Kamilah","last_name":"Spyby","gender":"Female","age":20,"email":"kspyby5v@abc.net.au","year_study":1},
{"id":213,"first_name":"Conn","last_name":"Varley","gender":"Male","age":19,"email":"cvarley5w@biblegateway.com","year_study":2},
{"id":214,"first_name":"Biddy","last_name":"Gravenall","gender":"Female","age":28,"email":"bgravenall5x@washington.edu","year_study":1},
{"id":215,"first_name":"Abbey","last_name":"Seelbach","gender":"Female","age":26,"email":"aseelbach5y@youtube.com","year_study":1},
{"id":216,"first_name":"Devlen","last_name":"Nazair","gender":"Male","age":30,"email":"dnazair5z@gravatar.com","year_study":1},
{"id":217,"first_name":"Winni","last_name":"Bussey","gender":"Female","age":26,"email":"wbussey60@cam.ac.uk","year_study":2},
{"id":218,"first_name":"Padget","last_name":"Stag","gender":"Male","age":27,"email":"pstag61@techcrunch.com","year_study":2},
{"id":219,"first_name":"Amory","last_name":"Wyndham","gender":"Male","age":24,"email":"awyndham62@twitter.com","year_study":3},
{"id":220,"first_name":"Daniella","last_name":"Tsar","gender":"Female","age":26,"email":"dtsar63@examiner.com","year_study":2},
{"id":221,"first_name":"Wright","last_name":"Clampett","gender":"Male","age":26,"email":"wclampett64@webnode.com","year_study":1},
{"id":222,"first_name":"Reilly","last_name":"Belf","gender":"Male","age":23,"email":"rbelf65@nytimes.com","year_study":2},
{"id":223,"first_name":"Reynold","last_name":"Oulet","gender":"Male","age":20,"email":"roulet66@fastcompany.com","year_study":1},
{"id":224,"first_name":"Melly","last_name":"Ellington","gender":"Female","age":26,"email":"mellington67@statcounter.com","year_study":1},
{"id":225,"first_name":"Penny","last_name":"Stubbeley","gender":"Male","age":28,"email":"pstubbeley68@unblog.fr","year_study":1},
{"id":226,"first_name":"Moreen","last_name":"Ivachyov","gender":"Female","age":27,"email":"mivachyov69@networksolutions.com","year_study":1},
{"id":227,"first_name":"Hamlen","last_name":"Americi","gender":"Male","age":26,"email":"hamerici6a@exblog.jp","year_study":1},
{"id":228,"first_name":"Madelaine","last_name":"Deas","gender":"Female","age":21,"email":"mdeas6b@nih.gov","year_study":2},
{"id":229,"first_name":"Florian","last_name":"MacKinnon","gender":"Male","age":20,"email":"fmackinnon6c@ucoz.com","year_study":2},
{"id":230,"first_name":"Jess","last_name":"Pavitt","gender":"Female","age":29,"email":"jpavitt6d@usa.gov","year_study":1},
{"id":231,"first_name":"Chloette","last_name":"Priddie","gender":"Female","age":22,"email":"cpriddie6e@deviantart.com","year_study":1},
{"id":232,"first_name":"Coraline","last_name":"Tomley","gender":"Female","age":27,"email":"ctomley6f@xrea.com","year_study":2},
{"id":233,"first_name":"Clarke","last_name":"Bassil","gender":"Male","age":28,"email":"cbassil6g@ihg.com","year_study":2},
{"id":234,"first_name":"Douglass","last_name":"Stevens","gender":"Male","age":19,"email":"dstevens6h@phoca.cz","year_study":3},
{"id":235,"first_name":"Lorrie","last_name":"Edson","gender":"Male","age":23,"email":"ledson6i@nbcnews.com","year_study":2},
{"id":236,"first_name":"Austin","last_name":"Vouls","gender":"Female","age":23,"email":"avouls6j@tinyurl.com","year_study":2},
{"id":237,"first_name":"Tracey","last_name":"Yepiskopov","gender":"Male","age":27,"email":"tyepiskopov6k@cdbaby.com","year_study":2},
{"id":238,"first_name":"Orren","last_name":"Sexcey","gender":"Male","age":29,"email":"osexcey6l@wikimedia.org","year_study":1},
{"id":239,"first_name":"Glenn","last_name":"Catchpole","gender":"Male","age":24,"email":"gcatchpole6m@uol.com.br","year_study":3},
{"id":240,"first_name":"Tiebout","last_name":"Saipy","gender":"Male","age":25,"email":"tsaipy6n@jiathis.com","year_study":2},
{"id":241,"first_name":"Eadmund","last_name":"Dumbare","gender":"Male","age":28,"email":"edumbare6o@yale.edu","year_study":1},
{"id":242,"first_name":"Jojo","last_name":"Steptowe","gender":"Female","age":23,"email":"jsteptowe6p@blogspot.com","year_study":3},
{"id":243,"first_name":"Ulrick","last_name":"Lewty","gender":"Male","age":18,"email":"ulewty6q@hibu.com","year_study":1},
{"id":244,"first_name":"Wilone","last_name":"Branigan","gender":"Female","age":23,"email":"wbranigan6r@chronoengine.com","year_study":2},
{"id":245,"first_name":"Bartholomeus","last_name":"Mateiko","gender":"Male","age":20,"email":"bmateiko6s@loc.gov","year_study":3},
{"id":246,"first_name":"Ray","last_name":"Lambourne","gender":"Male","age":18,"email":"rlambourne6t@altervista.org","year_study":2},
{"id":247,"first_name":"Ches","last_name":"Soggee","gender":"Male","age":30,"email":"csoggee6u@nymag.com","year_study":1},
{"id":248,"first_name":"Pinchas","last_name":"Kleinlerer","gender":"Male","age":26,"email":"pkleinlerer6v@cnet.com","year_study":1},
{"id":249,"first_name":"Brewer","last_name":"Touhig","gender":"Male","age":18,"email":"btouhig6w@nytimes.com","year_study":2},
{"id":250,"first_name":"Trista","last_name":"Kingsland","gender":"Genderfluid","age":24,"email":"tkingsland6x@adobe.com","year_study":1},
{"id":251,"first_name":"Carlota","last_name":"Winsley","gender":"Female","age":21,"email":"cwinsley6y@techcrunch.com","year_study":2},
{"id":252,"first_name":"Batsheva","last_name":"Ryding","gender":"Agender","age":29,"email":"bryding6z@t.co","year_study":1},
{"id":253,"first_name":"Kain","last_name":"Marrian","gender":"Male","age":19,"email":"kmarrian70@github.com","year_study":1},
{"id":254,"first_name":"Brianne","last_name":"Bingley","gender":"Female","age":23,"email":"bbingley71@cornell.edu","year_study":1},
{"id":255,"first_name":"Regina","last_name":"Peedell","gender":"Female","age":20,"email":"rpeedell72@naver.com","year_study":2},
{"id":256,"first_name":"Tab","last_name":"Renneke","gender":"Male","age":30,"email":"trenneke73@timesonline.co.uk","year_study":2},
{"id":257,"first_name":"Tannie","last_name":"Calrow","gender":"Male","age":21,"email":"tcalrow74@qq.com","year_study":3},
{"id":258,"first_name":"Tabbie","last_name":"Kneal","gender":"Male","age":27,"email":"tkneal75@shinystat.com","year_study":2},
{"id":259,"first_name":"Ramona","last_name":"Lushey","gender":"Female","age":21,"email":"rlushey76@clickbank.net","year_study":2},
{"id":260,"first_name":"Leia","last_name":"Barkway","gender":"Female","age":29,"email":"lbarkway77@smh.com.au","year_study":3},
{"id":261,"first_name":"Jandy","last_name":"Rew","gender":"Female","age":19,"email":"jrew78@google.com.br","year_study":3},
{"id":262,"first_name":"Turner","last_name":"McLaine","gender":"Male","age":19,"email":"tmclaine79@spiegel.de","year_study":1},
{"id":263,"first_name":"Larry","last_name":"Wetton","gender":"Male","age":27,"email":"lwetton7a@typepad.com","year_study":1},
{"id":264,"first_name":"Gib","last_name":"Nucciotti","gender":"Male","age":21,"email":"gnucciotti7b@nps.gov","year_study":1},
{"id":265,"first_name":"Bernie","last_name":"Daouse","gender":"Male","age":30,"email":"bdaouse7c@sohu.com","year_study":1},
{"id":266,"first_name":"Siegfried","last_name":"Orto","gender":"Male","age":20,"email":"sorto7d@phpbb.com","year_study":2},
{"id":267,"first_name":"Arny","last_name":"Kyneton","gender":"Male","age":18,"email":"akyneton7e@hubpages.com","year_study":2},
{"id":268,"first_name":"Salomi","last_name":"Pobjay","gender":"Agender","age":30,"email":"spobjay7f@paypal.com","year_study":1},
{"id":269,"first_name":"Chaunce","last_name":"Trebble","gender":"Male","age":30,"email":"ctrebble7g@skype.com","year_study":1},
{"id":270,"first_name":"Jonas","last_name":"Lissaman","gender":"Male","age":21,"email":"jlissaman7h@abc.net.au","year_study":1},
{"id":271,"first_name":"Diahann","last_name":"Goosey","gender":"Female","age":23,"email":"dgoosey7i@cbc.ca","year_study":2},
{"id":272,"first_name":"Quincey","last_name":"Kliment","gender":"Male","age":30,"email":"qkliment7j@tmall.com","year_study":2},
{"id":273,"first_name":"Cyrus","last_name":"Waszczyk","gender":"Male","age":24,"email":"cwaszczyk7k@csmonitor.com","year_study":1},
{"id":274,"first_name":"Yurik","last_name":"Meakin","gender":"Male","age":24,"email":"ymeakin7l@ucoz.ru","year_study":1},
{"id":275,"first_name":"Woody","last_name":"Baiyle","gender":"Male","age":25,"email":"wbaiyle7m@bluehost.com","year_study":1},
{"id":276,"first_name":"Ford","last_name":"Bradnick","gender":"Male","age":19,"email":"fbradnick7n@netvibes.com","year_study":3},
{"id":277,"first_name":"Dredi","last_name":"Mayell","gender":"Agender","age":29,"email":"dmayell7o@phpbb.com","year_study":2},
{"id":278,"first_name":"Gavrielle","last_name":"Marian","gender":"Female","age":22,"email":"gmarian7p@prlog.org","year_study":1},
{"id":279,"first_name":"Will","last_name":"Tolmie","gender":"Male","age":28,"email":"wtolmie7q@webs.com","year_study":2},
{"id":280,"first_name":"Randell","last_name":"McCann","gender":"Agender","age":25,"email":"rmccann7r@psu.edu","year_study":3},
{"id":281,"first_name":"Niki","last_name":"Thorrold","gender":"Female","age":18,"email":"nthorrold7s@dell.com","year_study":3},
{"id":282,"first_name":"Lowrance","last_name":"Myhan","gender":"Male","age":28,"email":"lmyhan7t@taobao.com","year_study":3},
{"id":283,"first_name":"Flinn","last_name":"Gerault","gender":"Male","age":30,"email":"fgerault7u@engadget.com","year_study":2},
{"id":284,"first_name":"Christy","last_name":"Allabush","gender":"Female","age":26,"email":"callabush7v@networksolutions.com","year_study":1},
{"id":285,"first_name":"Padgett","last_name":"Dimitriev","gender":"Male","age":29,"email":"pdimitriev7w@wired.com","year_study":1},
{"id":286,"first_name":"Myrlene","last_name":"McClunaghan","gender":"Female","age":23,"email":"mmcclunaghan7x@pcworld.com","year_study":1},
{"id":287,"first_name":"Abdul","last_name":"Hunnaball","gender":"Male","age":22,"email":"ahunnaball7y@blogspot.com","year_study":2},
{"id":288,"first_name":"Burl","last_name":"Epine","gender":"Male","age":18,"email":"bepine7z@topsy.com","year_study":1},
{"id":289,"first_name":"Hogan","last_name":"Donet","gender":"Polygender","age":29,"email":"hdonet80@yandex.ru","year_study":3},
{"id":290,"first_name":"Olivia","last_name":"Treadgear","gender":"Female","age":23,"email":"otreadgear81@cargocollective.com","year_study":2},
{"id":291,"first_name":"Marissa","last_name":"Gloster","gender":"Female","age":22,"email":"mgloster82@ustream.tv","year_study":2},
{"id":292,"first_name":"Cos","last_name":"Blewis","gender":"Male","age":24,"email":"cblewis83@webmd.com","year_study":1},
{"id":293,"first_name":"Biron","last_name":"Rollins","gender":"Male","age":23,"email":"brollins84@wunderground.com","year_study":2},
{"id":294,"first_name":"Johnna","last_name":"Chatelot","gender":"Female","age":25,"email":"jchatelot85@studiopress.com","year_study":2},
{"id":295,"first_name":"Nalani","last_name":"Keets","gender":"Female","age":23,"email":"nkeets86@usa.gov","year_study":2},
{"id":296,"first_name":"Christiana","last_name":"Causbey","gender":"Female","age":22,"email":"ccausbey87@reverbnation.com","year_study":3},
{"id":297,"first_name":"Agnella","last_name":"Bolderson","gender":"Female","age":19,"email":"abolderson88@soundcloud.com","year_study":2},
{"id":298,"first_name":"Carmita","last_name":"Tickel","gender":"Female","age":23,"email":"ctickel89@opera.com","year_study":2},
{"id":299,"first_name":"Clareta","last_name":"Colisbe","gender":"Female","age":21,"email":"ccolisbe8a@sciencedirect.com","year_study":3},
{"id":300,"first_name":"Jamey","last_name":"Lainge","gender":"Male","age":22,"email":"jlainge8b@msu.edu","year_study":2},
{"id":301,"first_name":"Evvie","last_name":"Radmore","gender":"Female","age":21,"email":"eradmore8c@chronoengine.com","year_study":2},
{"id":302,"first_name":"Rozella","last_name":"Kohrs","gender":"Female","age":24,"email":"rkohrs8d@cdbaby.com","year_study":1},
{"id":303,"first_name":"Cayla","last_name":"Fridaye","gender":"Female","age":28,"email":"cfridaye8e@tripod.com","year_study":3},
{"id":304,"first_name":"Dona","last_name":"Cowburn","gender":"Female","age":27,"email":"dcowburn8f@paypal.com","year_study":2},
{"id":305,"first_name":"Bev","last_name":"Seivwright","gender":"Polygender","age":27,"email":"bseivwright8g@washingtonpost.com","year_study":3},
{"id":306,"first_name":"Slade","last_name":"Franceschielli","gender":"Male","age":29,"email":"sfranceschielli8h@japanpost.jp","year_study":2},
{"id":307,"first_name":"Mikkel","last_name":"Strass","gender":"Polygender","age":20,"email":"mstrass8i@example.com","year_study":1},
{"id":308,"first_name":"Gwennie","last_name":"Blennerhassett","gender":"Female","age":20,"email":"gblennerhassett8j@hc360.com","year_study":3},
{"id":309,"first_name":"Natalie","last_name":"Earland","gender":"Female","age":30,"email":"nearland8k@bravesites.com","year_study":1},
{"id":310,"first_name":"Gabriel","last_name":"Housen","gender":"Female","age":23,"email":"ghousen8l@huffingtonpost.com","year_study":3},
{"id":311,"first_name":"Duffie","last_name":"Heathcote","gender":"Male","age":26,"email":"dheathcote8m@github.io","year_study":2},
{"id":312,"first_name":"Nikolas","last_name":"Brandel","gender":"Male","age":26,"email":"nbrandel8n@ameblo.jp","year_study":2},
{"id":313,"first_name":"Friedrich","last_name":"Griffin","gender":"Male","age":30,"email":"fgriffin8o@washington.edu","year_study":3},
{"id":314,"first_name":"Sisely","last_name":"Barajaz","gender":"Female","age":21,"email":"sbarajaz8p@google.ca","year_study":2},
{"id":315,"first_name":"Damita","last_name":"Aspell","gender":"Female","age":27,"email":"daspell8q@bloglines.com","year_study":2},
{"id":316,"first_name":"Renata","last_name":"Dallewater","gender":"Female","age":21,"email":"rdallewater8r@google.com.hk","year_study":2},
{"id":317,"first_name":"Sharon","last_name":"McGorley","gender":"Female","age":19,"email":"smcgorley8s@nifty.com","year_study":3},
{"id":318,"first_name":"Scotty","last_name":"Kennealy","gender":"Male","age":18,"email":"skennealy8t@amazon.com","year_study":2},
{"id":319,"first_name":"Harriette","last_name":"Raecroft","gender":"Female","age":23,"email":"hraecroft8u@pinterest.com","year_study":2},
{"id":320,"first_name":"Brendin","last_name":"Bridger","gender":"Male","age":29,"email":"bbridger8v@rakuten.co.jp","year_study":2},
{"id":321,"first_name":"Gypsy","last_name":"Caveau","gender":"Female","age":18,"email":"gcaveau8w@umich.edu","year_study":1},
{"id":322,"first_name":"Dagmar","last_name":"Pavier","gender":"Female","age":23,"email":"dpavier8x@reddit.com","year_study":3},
{"id":323,"first_name":"Monica","last_name":"Gurry","gender":"Female","age":20,"email":"mgurry8y@bbc.co.uk","year_study":1},
{"id":324,"first_name":"Maurine","last_name":"Wyse","gender":"Female","age":19,"email":"mwyse8z@pbs.org","year_study":1},
{"id":325,"first_name":"Carolee","last_name":"Duinbleton","gender":"Female","age":23,"email":"cduinbleton90@alexa.com","year_study":3},
{"id":326,"first_name":"Cybil","last_name":"Greenstead","gender":"Female","age":25,"email":"cgreenstead91@about.me","year_study":3},
{"id":327,"first_name":"Byram","last_name":"Kasman","gender":"Male","age":19,"email":"bkasman92@cisco.com","year_study":3},
{"id":328,"first_name":"Carlee","last_name":"Scarborough","gender":"Female","age":25,"email":"cscarborough93@google.fr","year_study":3},
{"id":329,"first_name":"Edouard","last_name":"Gooderidge","gender":"Male","age":30,"email":"egooderidge94@who.int","year_study":3},
{"id":330,"first_name":"Urson","last_name":"Rintoul","gender":"Male","age":28,"email":"urintoul95@constantcontact.com","year_study":1},
{"id":331,"first_name":"Chloe","last_name":"Tunnah","gender":"Female","age":30,"email":"ctunnah96@boston.com","year_study":2},
{"id":332,"first_name":"Joella","last_name":"Wortman","gender":"Female","age":30,"email":"jwortman97@dailymail.co.uk","year_study":3},
{"id":333,"first_name":"Pris","last_name":"Kingdon","gender":"Female","age":18,"email":"pkingdon98@independent.co.uk","year_study":1},
{"id":334,"first_name":"Darsie","last_name":"Shambroke","gender":"Female","age":30,"email":"dshambroke99@hostgator.com","year_study":2},
{"id":335,"first_name":"Avivah","last_name":"Gyorgy","gender":"Non-binary","age":23,"email":"agyorgy9a@yolasite.com","year_study":3},
{"id":336,"first_name":"Genevra","last_name":"Hebron","gender":"Female","age":22,"email":"ghebron9b@i2i.jp","year_study":2},
{"id":337,"first_name":"Ulick","last_name":"Whyberd","gender":"Male","age":27,"email":"uwhyberd9c@pinterest.com","year_study":3},
{"id":338,"first_name":"Andree","last_name":"Norewood","gender":"Genderqueer","age":18,"email":"anorewood9d@storify.com","year_study":1},
{"id":339,"first_name":"Jennee","last_name":"Bartleman","gender":"Female","age":18,"email":"jbartleman9e@addthis.com","year_study":3},
{"id":340,"first_name":"Hanan","last_name":"Levington","gender":"Male","age":30,"email":"hlevington9f@purevolume.com","year_study":3},
{"id":341,"first_name":"Pascal","last_name":"Strowlger","gender":"Male","age":26,"email":"pstrowlger9g@examiner.com","year_study":2},
{"id":342,"first_name":"Kort","last_name":"Paynton","gender":"Male","age":23,"email":"kpaynton9h@ox.ac.uk","year_study":1},
{"id":343,"first_name":"Trula","last_name":"Winsley","gender":"Female","age":23,"email":"twinsley9i@cnbc.com","year_study":3},
{"id":344,"first_name":"Rae","last_name":"Worsom","gender":"Female","age":26,"email":"rworsom9j@ucoz.ru","year_study":2},
{"id":345,"first_name":"Errick","last_name":"Nuttall","gender":"Bigender","age":20,"email":"enuttall9k@cornell.edu","year_study":1},
{"id":346,"first_name":"Thorstein","last_name":"Neil","gender":"Non-binary","age":19,"email":"tneil9l@alexa.com","year_study":3},
{"id":347,"first_name":"Lewes","last_name":"Zold","gender":"Male","age":24,"email":"lzold9m@miibeian.gov.cn","year_study":1},
{"id":348,"first_name":"Maje","last_name":"Kelemen","gender":"Male","age":28,"email":"mkelemen9n@netvibes.com","year_study":1},
{"id":349,"first_name":"Nev","last_name":"Barns","gender":"Male","age":29,"email":"nbarns9o@house.gov","year_study":3},
{"id":350,"first_name":"Rebe","last_name":"O'Spellissey","gender":"Female","age":25,"email":"rospellissey9p@apache.org","year_study":1},
{"id":351,"first_name":"Jenilee","last_name":"Stroban","gender":"Bigender","age":28,"email":"jstroban9q@fc2.com","year_study":1},
{"id":352,"first_name":"Amerigo","last_name":"Attenbrough","gender":"Male","age":24,"email":"aattenbrough9r@wikipedia.org","year_study":3},
{"id":353,"first_name":"Clovis","last_name":"Leare","gender":"Female","age":22,"email":"cleare9s@google.nl","year_study":2},
{"id":354,"first_name":"Adelaide","last_name":"Yegorkin","gender":"Female","age":26,"email":"ayegorkin9t@spiegel.de","year_study":1},
{"id":355,"first_name":"Dwight","last_name":"Sholl","gender":"Male","age":18,"email":"dsholl9u@nationalgeographic.com","year_study":2},
{"id":356,"first_name":"Etty","last_name":"Moral","gender":"Female","age":18,"email":"emoral9v@livejournal.com","year_study":1},
{"id":357,"first_name":"Welsh","last_name":"Hattoe","gender":"Male","age":27,"email":"whattoe9w@ed.gov","year_study":2},
{"id":358,"first_name":"Vern","last_name":"Richardin","gender":"Male","age":18,"email":"vrichardin9x@chron.com","year_study":2},
{"id":359,"first_name":"Gordie","last_name":"Tanser","gender":"Male","age":23,"email":"gtanser9y@acquirethisname.com","year_study":2},
{"id":360,"first_name":"Matthaeus","last_name":"Eustis","gender":"Male","age":25,"email":"meustis9z@goo.gl","year_study":1},
{"id":361,"first_name":"Kayle","last_name":"Rowswell","gender":"Non-binary","age":21,"email":"krowswella0@globo.com","year_study":3},
{"id":362,"first_name":"Beckie","last_name":"Narramor","gender":"Female","age":25,"email":"bnarramora1@furl.net","year_study":1},
{"id":363,"first_name":"Natasha","last_name":"Comerford","gender":"Female","age":28,"email":"ncomerforda2@bizjournals.com","year_study":2},
{"id":364,"first_name":"Bevvy","last_name":"Laytham","gender":"Female","age":22,"email":"blaythama3@weather.com","year_study":1},
{"id":365,"first_name":"Ruthann","last_name":"Tizard","gender":"Female","age":22,"email":"rtizarda4@comsenz.com","year_study":3},
{"id":366,"first_name":"Denys","last_name":"Duckers","gender":"Male","age":26,"email":"dduckersa5@seesaa.net","year_study":1},
{"id":367,"first_name":"Garrick","last_name":"Morphew","gender":"Male","age":18,"email":"gmorphewa6@nationalgeographic.com","year_study":3},
{"id":368,"first_name":"Nana","last_name":"Pleavin","gender":"Female","age":20,"email":"npleavina7@ca.gov","year_study":2},
{"id":369,"first_name":"Brande","last_name":"Grouen","gender":"Female","age":18,"email":"bgrouena8@mit.edu","year_study":3},
{"id":370,"first_name":"Caril","last_name":"Giacobo","gender":"Female","age":30,"email":"cgiacoboa9@webnode.com","year_study":3},
{"id":371,"first_name":"Frank","last_name":"Pavie","gender":"Male","age":25,"email":"fpavieaa@bandcamp.com","year_study":2},
{"id":372,"first_name":"Evelina","last_name":"Beeston","gender":"Female","age":29,"email":"ebeestonab@netscape.com","year_study":2},
{"id":373,"first_name":"Marna","last_name":"Borland","gender":"Genderfluid","age":20,"email":"mborlandac@statcounter.com","year_study":3},
{"id":374,"first_name":"Hillard","last_name":"Harnell","gender":"Male","age":27,"email":"hharnellad@51.la","year_study":3},
{"id":375,"first_name":"Alyssa","last_name":"Walklett","gender":"Female","age":25,"email":"awalklettae@vk.com","year_study":2},
{"id":376,"first_name":"Dannie","last_name":"Serraillier","gender":"Male","age":27,"email":"dserraillieraf@patch.com","year_study":3},
{"id":377,"first_name":"Anabal","last_name":"Arsmith","gender":"Female","age":21,"email":"aarsmithag@hhs.gov","year_study":2},
{"id":378,"first_name":"Immanuel","last_name":"Realph","gender":"Male","age":26,"email":"irealphah@paginegialle.it","year_study":1},
{"id":379,"first_name":"Maurits","last_name":"Aggio","gender":"Male","age":21,"email":"maggioai@google.com.au","year_study":2},
{"id":380,"first_name":"Emelen","last_name":"Caps","gender":"Male","age":30,"email":"ecapsaj@si.edu","year_study":3},
{"id":381,"first_name":"Bill","last_name":"Lympenie","gender":"Non-binary","age":20,"email":"blympenieak@merriam-webster.com","year_study":2},
{"id":382,"first_name":"Arly","last_name":"Bysh","gender":"Female","age":23,"email":"abyshal@cnn.com","year_study":3},
{"id":383,"first_name":"Tandi","last_name":"Zarb","gender":"Female","age":20,"email":"tzarbam@webeden.co.uk","year_study":3},
{"id":384,"first_name":"Ana","last_name":"MacCard","gender":"Agender","age":28,"email":"amaccardan@ftc.gov","year_study":3},
{"id":385,"first_name":"Augy","last_name":"Frayn","gender":"Male","age":22,"email":"afraynao@cpanel.net","year_study":1},
{"id":386,"first_name":"Hunter","last_name":"Ellam","gender":"Male","age":21,"email":"hellamap@wired.com","year_study":3},
{"id":387,"first_name":"Donaugh","last_name":"Lodder","gender":"Male","age":28,"email":"dlodderaq@timesonline.co.uk","year_study":1},
{"id":388,"first_name":"Siusan","last_name":"Goulden","gender":"Female","age":22,"email":"sgouldenar@hao123.com","year_study":3},
{"id":389,"first_name":"Eadmund","last_name":"Fawcus","gender":"Male","age":20,"email":"efawcusas@cisco.com","year_study":3},
{"id":390,"first_name":"Guillemette","last_name":"Bisco","gender":"Female","age":27,"email":"gbiscoat@bbc.co.uk","year_study":3},
{"id":391,"first_name":"Alysia","last_name":"Pearse","gender":"Female","age":22,"email":"apearseau@studiopress.com","year_study":2},
{"id":392,"first_name":"Irena","last_name":"Proven","gender":"Female","age":27,"email":"iprovenav@blogs.com","year_study":3},
{"id":393,"first_name":"Murray","last_name":"Rudall","gender":"Male","age":26,"email":"mrudallaw@gnu.org","year_study":2},
{"id":394,"first_name":"Wake","last_name":"Fiander","gender":"Male","age":26,"email":"wfianderax@sphinn.com","year_study":1},
{"id":395,"first_name":"Mirabella","last_name":"Gratrix","gender":"Female","age":21,"email":"mgratrixay@51.la","year_study":1},
{"id":396,"first_name":"Gal","last_name":"Drioli","gender":"Male","age":28,"email":"gdrioliaz@alexa.com","year_study":3},
{"id":397,"first_name":"Ad","last_name":"Creasy","gender":"Male","age":22,"email":"acreasyb0@hc360.com","year_study":2},
{"id":398,"first_name":"Milty","last_name":"Hopfer","gender":"Male","age":28,"email":"mhopferb1@moonfruit.com","year_study":2},
{"id":399,"first_name":"Gwendolen","last_name":"Hullah","gender":"Female","age":23,"email":"ghullahb2@slate.com","year_study":1},
{"id":400,"first_name":"Sullivan","last_name":"Wadwell","gender":"Male","age":25,"email":"swadwellb3@amazon.com","year_study":2},
{"id":401,"first_name":"Shaina","last_name":"Austwick","gender":"Female","age":19,"email":"saustwickb4@indiegogo.com","year_study":2},
{"id":402,"first_name":"Honoria","last_name":"Fridlington","gender":"Female","age":21,"email":"hfridlingtonb5@reuters.com","year_study":1},
{"id":403,"first_name":"Aurthur","last_name":"Kaiser","gender":"Male","age":24,"email":"akaiserb6@kickstarter.com","year_study":2},
{"id":404,"first_name":"Dael","last_name":"Poff","gender":"Genderqueer","age":21,"email":"dpoffb7@fema.gov","year_study":1},
{"id":405,"first_name":"Ivar","last_name":"Barnewell","gender":"Male","age":20,"email":"ibarnewellb8@sakura.ne.jp","year_study":2},
{"id":406,"first_name":"Elisabeth","last_name":"Jore","gender":"Female","age":25,"email":"ejoreb9@buzzfeed.com","year_study":1},
{"id":407,"first_name":"Baxter","last_name":"Bovey","gender":"Male","age":22,"email":"bboveyba@taobao.com","year_study":2},
{"id":408,"first_name":"Sydel","last_name":"Yearron","gender":"Genderqueer","age":26,"email":"syearronbb@auda.org.au","year_study":2},
{"id":409,"first_name":"Byron","last_name":"Worsham","gender":"Male","age":27,"email":"bworshambc@1und1.de","year_study":2},
{"id":410,"first_name":"Pennie","last_name":"Janew","gender":"Male","age":20,"email":"pjanewbd@php.net","year_study":3},
{"id":411,"first_name":"Hillary","last_name":"Scahill","gender":"Female","age":28,"email":"hscahillbe@diigo.com","year_study":3},
{"id":412,"first_name":"Alison","last_name":"Greally","gender":"Female","age":20,"email":"agreallybf@addthis.com","year_study":1},
{"id":413,"first_name":"Lorant","last_name":"Goard","gender":"Male","age":27,"email":"lgoardbg@google.ca","year_study":3},
{"id":414,"first_name":"Rik","last_name":"Klaesson","gender":"Polygender","age":22,"email":"rklaessonbh@skyrock.com","year_study":1},
{"id":415,"first_name":"Arlee","last_name":"Childe","gender":"Female","age":18,"email":"achildebi@amazon.com","year_study":3},
{"id":416,"first_name":"Antonin","last_name":"Mordon","gender":"Male","age":29,"email":"amordonbj@indiegogo.com","year_study":1},
{"id":417,"first_name":"El","last_name":"Mussetti","gender":"Male","age":21,"email":"emussettibk@sourceforge.net","year_study":2},
{"id":418,"first_name":"Velvet","last_name":"Gebby","gender":"Female","age":27,"email":"vgebbybl@howstuffworks.com","year_study":3},
{"id":419,"first_name":"Mackenzie","last_name":"Coursor","gender":"Male","age":23,"email":"mcoursorbm@engadget.com","year_study":1},
{"id":420,"first_name":"Crissie","last_name":"Oxenbury","gender":"Female","age":22,"email":"coxenburybn@icq.com","year_study":3},
{"id":421,"first_name":"D'arcy","last_name":"Ferreira","gender":"Male","age":19,"email":"dferreirabo@wunderground.com","year_study":2},
{"id":422,"first_name":"Dugald","last_name":"Parrin","gender":"Male","age":26,"email":"dparrinbp@wunderground.com","year_study":1},
{"id":423,"first_name":"Evelyn","last_name":"Ondra","gender":"Male","age":22,"email":"eondrabq@myspace.com","year_study":1},
{"id":424,"first_name":"Marcellina","last_name":"Todari","gender":"Female","age":19,"email":"mtodaribr@wordpress.com","year_study":2},
{"id":425,"first_name":"Reece","last_name":"Jikylls","gender":"Male","age":20,"email":"rjikyllsbs@freewebs.com","year_study":1},
{"id":426,"first_name":"Cathee","last_name":"Langley","gender":"Female","age":22,"email":"clangleybt@tinyurl.com","year_study":3},
{"id":427,"first_name":"Olvan","last_name":"Swafford","gender":"Male","age":29,"email":"oswaffordbu@w3.org","year_study":2},
{"id":428,"first_name":"Nancee","last_name":"Segeswoeth","gender":"Female","age":19,"email":"nsegeswoethbv@opensource.org","year_study":2},
{"id":429,"first_name":"Arda","last_name":"Vannar","gender":"Female","age":19,"email":"avannarbw@java.com","year_study":1},
{"id":430,"first_name":"Celine","last_name":"Abbitt","gender":"Female","age":19,"email":"cabbittbx@reverbnation.com","year_study":3},
{"id":431,"first_name":"Gael","last_name":"Van Oort","gender":"Male","age":19,"email":"gvanoortby@themeforest.net","year_study":3},
{"id":432,"first_name":"Zonda","last_name":"Jira","gender":"Female","age":30,"email":"zjirabz@163.com","year_study":2},
{"id":433,"first_name":"Leanora","last_name":"Hakonsen","gender":"Female","age":25,"email":"lhakonsenc0@amazon.co.uk","year_study":3},
{"id":434,"first_name":"Vaughan","last_name":"Beardshall","gender":"Male","age":18,"email":"vbeardshallc1@live.com","year_study":1},
{"id":435,"first_name":"Carolee","last_name":"Gatesman","gender":"Female","age":29,"email":"cgatesmanc2@pen.io","year_study":2},
{"id":436,"first_name":"Maryl","last_name":"Marcroft","gender":"Female","age":23,"email":"mmarcroftc3@youtu.be","year_study":1},
{"id":437,"first_name":"Neely","last_name":"Dilnot","gender":"Female","age":25,"email":"ndilnotc4@edublogs.org","year_study":3},
{"id":438,"first_name":"Samuel","last_name":"Blondelle","gender":"Male","age":25,"email":"sblondellec5@unc.edu","year_study":2},
{"id":439,"first_name":"Zachery","last_name":"Outram","gender":"Male","age":20,"email":"zoutramc6@opera.com","year_study":3},
{"id":440,"first_name":"Stanislaw","last_name":"Kinnard","gender":"Male","age":22,"email":"skinnardc7@skype.com","year_study":3},
{"id":441,"first_name":"Floyd","last_name":"Kisby","gender":"Agender","age":25,"email":"fkisbyc8@symantec.com","year_study":3},
{"id":442,"first_name":"Bryanty","last_name":"Caistor","gender":"Male","age":26,"email":"bcaistorc9@phpbb.com","year_study":3},
{"id":443,"first_name":"Carlos","last_name":"Dadley","gender":"Male","age":27,"email":"cdadleyca@tripod.com","year_study":2},
{"id":444,"first_name":"Barron","last_name":"Tuhy","gender":"Male","age":18,"email":"btuhycb@hc360.com","year_study":2},
{"id":445,"first_name":"Rebekah","last_name":"Ralling","gender":"Female","age":21,"email":"rrallingcc@wisc.edu","year_study":3},
{"id":446,"first_name":"Bibi","last_name":"Sarginson","gender":"Female","age":27,"email":"bsarginsoncd@merriam-webster.com","year_study":2},
{"id":447,"first_name":"Andonis","last_name":"Ondrousek","gender":"Male","age":19,"email":"aondrousekce@is.gd","year_study":3},
{"id":448,"first_name":"Orelee","last_name":"Swetenham","gender":"Female","age":29,"email":"oswetenhamcf@plala.or.jp","year_study":2},
{"id":449,"first_name":"Milt","last_name":"Giraudy","gender":"Male","age":29,"email":"mgiraudycg@businessweek.com","year_study":3},
{"id":450,"first_name":"Jone","last_name":"Shevlin","gender":"Male","age":21,"email":"jshevlinch@squidoo.com","year_study":2},
{"id":451,"first_name":"Elisabetta","last_name":"Worwood","gender":"Female","age":28,"email":"eworwoodci@salon.com","year_study":3},
{"id":452,"first_name":"Eulalie","last_name":"Bickerdyke","gender":"Female","age":30,"email":"ebickerdykecj@samsung.com","year_study":1},
{"id":453,"first_name":"Grover","last_name":"Lattey","gender":"Male","age":20,"email":"glatteyck@scribd.com","year_study":3},
{"id":454,"first_name":"Wheeler","last_name":"Marquez","gender":"Male","age":29,"email":"wmarquezcl@gizmodo.com","year_study":1},
{"id":455,"first_name":"Celestine","last_name":"Fairfoul","gender":"Female","age":18,"email":"cfairfoulcm@blogtalkradio.com","year_study":2},
{"id":456,"first_name":"Ikey","last_name":"Kliner","gender":"Male","age":26,"email":"iklinercn@imgur.com","year_study":2},
{"id":457,"first_name":"Shandra","last_name":"Rickeard","gender":"Female","age":29,"email":"srickeardco@unc.edu","year_study":1},
{"id":458,"first_name":"Betteanne","last_name":"Bramstom","gender":"Female","age":27,"email":"bbramstomcp@e-recht24.de","year_study":1},
{"id":459,"first_name":"Brandice","last_name":"Goodbanne","gender":"Female","age":23,"email":"bgoodbannecq@networkadvertising.org","year_study":3},
{"id":460,"first_name":"Olimpia","last_name":"Hiner","gender":"Female","age":27,"email":"ohinercr@ameblo.jp","year_study":2},
{"id":461,"first_name":"Nerissa","last_name":"Spry","gender":"Female","age":28,"email":"nsprycs@altervista.org","year_study":2},
{"id":462,"first_name":"Jard","last_name":"Potter","gender":"Male","age":18,"email":"jpotterct@netscape.com","year_study":1},
{"id":463,"first_name":"Yolanda","last_name":"MacKnocker","gender":"Female","age":27,"email":"ymacknockercu@feedburner.com","year_study":3},
{"id":464,"first_name":"Elinor","last_name":"Mawson","gender":"Female","age":28,"email":"emawsoncv@hao123.com","year_study":1},
{"id":465,"first_name":"Honor","last_name":"Shera","gender":"Genderqueer","age":30,"email":"hsheracw@drupal.org","year_study":3},
{"id":466,"first_name":"Geralda","last_name":"MacTeggart","gender":"Female","age":26,"email":"gmacteggartcx@qq.com","year_study":2},
{"id":467,"first_name":"Andria","last_name":"Vibert","gender":"Female","age":21,"email":"avibertcy@loc.gov","year_study":1},
{"id":468,"first_name":"Siana","last_name":"Raitie","gender":"Female","age":19,"email":"sraitiecz@dot.gov","year_study":2},
{"id":469,"first_name":"Rakel","last_name":"Artis","gender":"Female","age":24,"email":"rartisd0@e-recht24.de","year_study":2},
{"id":470,"first_name":"Kory","last_name":"McGrouther","gender":"Male","age":30,"email":"kmcgroutherd1@t.co","year_study":2},
{"id":471,"first_name":"Karine","last_name":"Lackeye","gender":"Genderfluid","age":21,"email":"klackeyed2@csmonitor.com","year_study":2},
{"id":472,"first_name":"Moina","last_name":"Boddam","gender":"Agender","age":29,"email":"mboddamd3@bing.com","year_study":1},
{"id":473,"first_name":"Margarita","last_name":"Elflain","gender":"Female","age":25,"email":"melflaind4@istockphoto.com","year_study":1},
{"id":474,"first_name":"Aime","last_name":"Riceards","gender":"Female","age":25,"email":"ariceardsd5@marketwatch.com","year_study":3},
{"id":475,"first_name":"Jeddy","last_name":"Escalero","gender":"Male","age":20,"email":"jescalerod6@mlb.com","year_study":2},
{"id":476,"first_name":"Ginevra","last_name":"Erb","gender":"Female","age":22,"email":"gerbd7@chronoengine.com","year_study":3},
{"id":477,"first_name":"Benedetto","last_name":"Behneke","gender":"Male","age":22,"email":"bbehneked8@scientificamerican.com","year_study":2},
{"id":478,"first_name":"Sanders","last_name":"Livesey","gender":"Male","age":26,"email":"sliveseyd9@phpbb.com","year_study":1},
{"id":479,"first_name":"Garrek","last_name":"Uden","gender":"Male","age":23,"email":"gudenda@theatlantic.com","year_study":3},
{"id":480,"first_name":"Josias","last_name":"Habgood","gender":"Male","age":28,"email":"jhabgooddb@seattletimes.com","year_study":2},
{"id":481,"first_name":"Gamaliel","last_name":"Hayworth","gender":"Non-binary","age":25,"email":"ghayworthdc@opensource.org","year_study":3},
{"id":482,"first_name":"Hamilton","last_name":"Storrs","gender":"Male","age":28,"email":"hstorrsdd@google.de","year_study":1},
{"id":483,"first_name":"Geoffrey","last_name":"Hawksley","gender":"Male","age":23,"email":"ghawksleyde@cargocollective.com","year_study":1},
{"id":484,"first_name":"Nollie","last_name":"Duffield","gender":"Female","age":21,"email":"nduffielddf@seattletimes.com","year_study":2},
{"id":485,"first_name":"Adelaide","last_name":"Sallnow","gender":"Female","age":24,"email":"asallnowdg@unicef.org","year_study":1},
{"id":486,"first_name":"Joletta","last_name":"Cleeton","gender":"Polygender","age":18,"email":"jcleetondh@apple.com","year_study":1},
{"id":487,"first_name":"Lynn","last_name":"Franseco","gender":"Male","age":29,"email":"lfransecodi@shareasale.com","year_study":1},
{"id":488,"first_name":"Nev","last_name":"Moatt","gender":"Male","age":19,"email":"nmoattdj@1und1.de","year_study":2},
{"id":489,"first_name":"Milly","last_name":"Pooke","gender":"Genderfluid","age":28,"email":"mpookedk@nasa.gov","year_study":2},
{"id":490,"first_name":"Clayborne","last_name":"Heineken","gender":"Male","age":30,"email":"cheinekendl@irs.gov","year_study":1},
{"id":491,"first_name":"Sal","last_name":"Hargroves","gender":"Female","age":21,"email":"shargrovesdm@dell.com","year_study":3},
{"id":492,"first_name":"Karie","last_name":"Fowle","gender":"Female","age":24,"email":"kfowledn@ifeng.com","year_study":2},
{"id":493,"first_name":"Galen","last_name":"Kippin","gender":"Male","age":28,"email":"gkippindo@epa.gov","year_study":1},
{"id":494,"first_name":"Nikolos","last_name":"Deeming","gender":"Male","age":24,"email":"ndeemingdp@businessinsider.com","year_study":2},
{"id":495,"first_name":"Jeno","last_name":"Malpass","gender":"Male","age":27,"email":"jmalpassdq@arstechnica.com","year_study":1},
{"id":496,"first_name":"Modesty","last_name":"Jeandillou","gender":"Female","age":27,"email":"mjeandilloudr@acquirethisname.com","year_study":3},
{"id":497,"first_name":"Adair","last_name":"Arnould","gender":"Male","age":26,"email":"aarnouldds@businessweek.com","year_study":2},
{"id":498,"first_name":"Hershel","last_name":"Wroath","gender":"Male","age":24,"email":"hwroathdt@geocities.com","year_study":1},
{"id":499,"first_name":"Valeda","last_name":"Heymes","gender":"Female","age":28,"email":"vheymesdu@canalblog.com","year_study":3},
{"id":500,"first_name":"Nev","last_name":"Gotcliffe","gender":"Male","age":20,"email":"ngotcliffedv@posterous.com","year_study":3}]